
{
	"aws_access_key": "",
	"aws_secret_key": "",
	"ec2_instance_type": "t2.small",
	"ssh_username": "ec2-user",
	"ssh_timeout": "10m",
	"ssh_handshake_attempts": "30",

	"ebsvolume_dev_sdh_name": "/dev/sdh",
	"ebsvolume_dev_sdf_name": "/dev/sdf",
	"ebsvolume_dev_sdi_name": "/dev/sdi",
	"ebsvolume_type_gp2": "gp2",

	"university": "walden",
	"laureate_tenant_id": "13",

	"eis_host_alias": "eis-packer-host",
	"b9db_host_alias": "b9db-packer-host",
	"ssb9_host_alias": "ssb9-packer-host",
	"beis_host_alias": "beis-packer-host",
	"b9admin_host_alias": "b9admin-packer-host",
	"bep_host_alias": "bep-packer-host",
	"workflow_host_alias": "workflow-packer-host",
	"workflowtomcat_host_alias": "workflowtomcat-packer-host",
	"jobsub_host_alias": "jobsub-packer-host",
	"ssb8_host_alias": "ssb8-packer-host",
	"odsapp_host_alias": "odsapp-packer-host",
	"esm_host_alias": "esm-packer-host",
	"ems_host_alias": "ems-packer-host"

}
