{
	"AWSTemplateFormatVersion": "2010-09-09",
	"Description": "DRIFT| Dev and SB SG completed - 27-Sep-2019| Walden-Prod-NonProd-Zone-v5.3.3-DRIFT-SG",
	"Metadata": {
		"AWS::CloudFormation::Interface": {
			"ParameterGroups": [{
					"Label": {
						"default": "University, AccountId, Environment details"
					},
					"Parameters": [
						"UniversityIslandName",
						"AccountId",
						"Env"
					]
				},
				{
					"Label": {
						"default": "Laureate On-Prem CIDR"
					},
					"Parameters": [
						"LaureateOnPremCIDR"
					]
				},
				{
					"Label": {
						"default": "Network Configuration (BannerUSNonProd VPC details)"
					},
					"Parameters": [
						"VPC",
						"VPCCIDR"
					]
				}
			],
			"ParameterLabels": {
				"LaureateOnPremCIDR": {
					"default": "LaureateOnPrem VPC CIDR"
				},
				"VPC": {
					"default": "VPC id"
				},
				"VPCCIDR": {
					"default": "VPC CIDR"
				}
			}
		}
	},
	"Parameters": {
		"AccountId": {
			"Description": "AccountId Code",
			"Type": "Number",
			"Default": "13"
		},
		"Env": {
			"AllowedValues": [
					"d",
					"q",
					"s",
					"p",
					"n",
					"x",
					"none"
			],
			"Description": "Env (d=Dev,q=QA,s=Stage,p=Prod,n=Non-Prod,x=Sandbox)",
			"Type": "String"
		},
		"UniversityIslandName": {
			"Description": "University/Island Code",
			"Type": "String",
			"Default": "w"
		},
		"LaureateOnPremCIDR":{
			"Description": "Laureate OnPrem Network CIDR ",
			"Default": "172.16.0.0/12",
			"Type": "String"
		},
		"VPC": {
			"Description": "VPC id",
			"Type": "String"
		},
		"VPCCIDR": {
			"AllowedPattern": "^(([0-9]|[1-9][0-9]|1[0-9]{2}|2[0-4][0-9]|25[0-5])\\.){3}([0-9]|[1-9][0-9]|1[0-9]{2}|2[0-4][0-9]|25[0-5])(\\/(1[6-9]|2[0-8]))$",
			"ConstraintDescription": "CIDR block parameter must be in the form x.x.x.x/16-28",
			"Default": "10.137.4.0/22",
			"Description": "CIDR block of VPC",
			"Type": "String"
		}
	},
	"Mappings": {
		"RegionCodeMap": {
			"us-east-1": { "RegionCode": "ue" },
			"us-west-2": { "RegionCode": "uw" }
		},
		"S3PrefixListIdMap": {
			"us-east-1": { "PLI": "pl-63a5400a" }
		},
		"SMTPAddressdMap": {
			"us-east-1": { "smtpip": "172.32.30.199/32" }
		},
		"TenableMap": {
			"us-east-1": { "scanner1": "54.175.125.192/26", "scanner2": "34.201.223.128/25" }
		},
		"BigfixMap": {
			"us-east-1": { "sourceaddr": "72.18.150.202/32", "port": "52311" }
		},
		"BackupServerMap": {
			"d": { "server01": "10.137.5.43/32" },
			"x": { "server01": "10.137.5.43/32" }
		},
		"PortsMap": {
			"x": {
				"wfweblogic": "7003",
				"ems": "5671",
				"emsRabbitmq": "15672",
				"bep": "9001",
				"eis": "9443",
				"ssb8": "9001",
				"beis": "8100",
				"wft": "8100",
				"appnav": "8100",
				"extensibility": "8100",
				"b9admin": "8101",
				"dwDap": "7701",
				"dwWeb": "8801",
				"dwComposer": "9901",
				"dwGateway": "9902",
				"dwTransferEqSelfService": "9903",
				"dwRabbitmq": "5672",
				"dwShell":"8101",
				"dwScribeUI":"8101",
				"dwServices":"8101",
				"dwApplicantAPI":"8101",
				"dwTransitUI":"9905",
				"dwDashboard": "8100",
				"dwStudentPlanner":"8100",
				"dwRespDashboard": "9904",
				"dwTransferEquivalency":"9903"
			},
			"d": {
				"wfweblogic": "7003",
				"db": "1599",
				"ems": "5671",
				"emsRabbitmq": "15672",
				"bep": "9001",
				"eis": "9443",
				"ssb8": "9001",
				"beis": "8100",
				"wft": "8100",
				"appnav": "8100",
				"extensibility": "8100",
				"b9admin": "8101",
				"dwDap": "7701",
				"dwWeb": "8801",
				"dwComposer": "9901",
				"dwGateway": "9902",
				"dwTransferEqSelfService": "9903",
				"dwRabbitmq": "5672",
				"dwShell":"8101",
				"dwScribeUI":"8101",
				"dwServices":"8101",
				"dwApplicantAPI":"8101",
				"dwTransitUI":"9905",
				"dwDashboard": "8100",
				"dwStudentPlanner":"8100",
				"dwRespDashboard": "9904",
				"dwTransferEquivalency":"9903"
			},
			"q": {
				"wfweblogic": "7003",
				"db": "1499",
				"ems": "5671",
				"emsRabbitmq": "15672",
				"bep": "9001",
				"eis": "9443",
				"ssb8": "9001",
				"beis": "8100",
				"wft": "8100",
				"appnav": "8100",
				"extensibility": "8100",
				"b9admin": "8101",
				"dwDap": "7701",
				"dwWeb": "8801",
				"dwComposer": "9901",
				"dwGateway": "9902",
				"dwTransferEqSelfService": "9903",
				"dwRabbitmq": "5672",
				"dwShell":"8101",
				"dwScribeUI":"8101",
				"dwServices":"8101",
				"dwApplicantAPI":"8101",
				"dwTransitUI":"9905",
				"dwDashboard": "8100",
				"dwStudentPlanner":"8100",
				"dwRespDashboard": "9904",
				"dwTransferEquivalency":"9903"
			}
		},
		"EC2TypeMap": {
			"x": {
				"ems": "m4.large",
				"bep": "m4.large",
				"dwa": "m4.large",
				"dwc": "m4.large"
			},
			"d": {
				"ems": "m4.large",
				"bep": "m4.large",
				"dwa": "m4.large",
				"dwc": "m4.large"
			},
			"q": {
				"ems": "m4.large",
				"bep": "m4.large",
				"dwa": "m4.large",
				"dwc": "m4.large"
			},
			"p": {
				"wfw": "m4.large"
			}
		},
		"KoldkissMap": {
			"p": { "server01": "172.32.1.36/32", "server02": "172.32.1.124/32", "server03": "172.32.1.125/32", "server04": "172.32.1.126/32", "server05": "172.32.1.127/32" },
			"q": { "server01": "172.32.1.36/32", "server02": "172.32.1.124/32", "server03": "172.32.1.125/32", "server04": "172.32.1.126/32", "server05": "172.32.1.127/32" },
			"d": { "server01": "172.32.1.36/32", "server02": "172.32.1.124/32", "server03": "172.32.1.125/32", "server04": "172.32.1.126/32", "server05": "172.32.1.127/32" },
			"x": { "server01": "172.32.1.36/32", "server02": "172.32.1.124/32", "server03": "172.32.1.125/32", "server04": "172.32.1.126/32", "server05": "172.32.1.127/32" }
		},
		"ALBSchemeMap": {
			"p": { "scheme": "internet-facing" },
			"q": { "scheme": "internet-facing" },
			"d": { "scheme": "internal" },
			"x": { "scheme": "internal" }
		},
		"DevSandboxSGMap": {
			"x": { "crossDevSandboxCidr": "172.27.64.0/23" },
			"d": { "crossDevSandboxCidr": "172.27.68.0/23" }
		},
		"HealthCheckPathMap": {
			"p": {
				"eisadmin": "/carbon/admin",
				"ssomanager": "/ssomanager",
				"appnav": "/applicationNavigator",
				"inb8": "/forms/frmservlet?config=bnrwapr",
				"ssb8": "/bnrwapr/twbkwbis.P_ValLogin",
				"workflow": "/bnrwapr",
				"ems": "/",
				"bep": "/BannerEventPublisher/login/auth"
			},
			"q": {
				"eisadmin": "/carbon/admin",
				"ssomanager": "/ssomanager",
				"appnav": "/applicationNavigator",
				"inb8": "/forms/frmservlet?config=bnrwaqa",
				"ssb8": "/bnrwapr/twbkwbis.P_ValLogin",
				"workflow": "/bnrwaqa",
				"ems": "/",
				"bep": "/BannerEventPublisher/login/auth"
			},
			"d": {
				"eisadmin": "/carbon/admin",
				"ssomanager": "/ssomanager",
				"appnav": "/applicationNavigator",
				"inb8": "/forms/frmservlet?config=bnrwadv",
				"ssb8": "/bnrwapr/twbkwbis.P_ValLogin",
				"workflow": "/bnrwadv",
				"ems": "/",
				"bep": "/BannerEventPublisher/login/auth"
			},
			"x": {
				"eisadmin": "/carbon/admin",
				"ssomanager": "/ssomanager",
				"appnav": "/applicationNavigator",
				"inb8": "/forms/frmservlet?config=bnrwadv",
				"ssb8": "/bnrwapr/twbkwbis.P_ValLogin",
				"workflow": "/bnrwadv",
				"ems": "/",
				"bep": "/BannerEventPublisher/login/auth"
			}

		},
		"TagMap": {
			"p": {
				"EnvironmentClass": "Production"
			},
			"q": {
				"EnvironmentClass": "QA"
			},
			"d": {
				"EnvironmentClass": "Dev"
			},
			"x": {
				"EnvironmentClass": "Sandbox"
			},
			"common": {
				"Application": "Banner",
				"DataCompliance": "US-Legal Data-Company Records",
				"DataCriticality": "DataCriticality-Pending",
				"DataRentention": "DataRentention-Pending",
				"Department": "Department-Pending",
				"FinanceAllocation": "X409",
				"School": "Walden",
				"SharedSchool": "SharedSchool-Pending"
			}

		}
	},
	"Conditions": {
		"devCondition": {
			"Fn::Equals": [{
				"Ref": "Env"
			}, "d"]
		},
		"sbCondition": {
			"Fn::Equals": [{
				"Ref": "Env"
			}, "x"]
		},
		"qaCondition": {
			"Fn::Equals": [{
				"Ref": "Env"
			}, "q"]
		},
		"nonprodCondition": {
			"Fn::Equals": [{
				"Ref": "Env"
			}, "n"]
		},
		"dummyCondition": {
			"Fn::Equals": [{
					"Ref": "Env"
				},
				"dummy"
			]
		},
		"prodCondition": {
			"Fn::Equals": [{
				"Ref": "Env"
			}, "p"]
		},
		"devsbCondition": { "Fn::Or": [
			{"Condition": "devCondition"},
			{"Condition": "sbCondition"}
			]
		},
		"sbqaCondition": { "Fn::Or": [
			{"Condition": "sbCondition"},
			{"Condition": "qaCondition"}
			]
		},
		"devsbqaCondition": { "Fn::Or": [
			{"Condition": "devCondition"},
			{"Condition": "sbCondition"},
			{"Condition": "qaCondition"}
			]
		},
		"prodzoneCondition": { "Fn::Or": [
			{"Condition": "qaCondition"},
			{"Condition": "prodCondition"}
			]
		},
		"nonprodzoneCondition": { "Fn::Or": [
			{"Condition": "devCondition"},
			{"Condition": "sbCondition"}
			]
		},
		"exceptionalCondition": { "Fn::Or": [
			{"Condition": "prodCondition"},
			{"Condition": "sbCondition"},
			{"Condition": "devCondition"}
			]
		},
		"bannerDBCondition": { "Fn::Or": [
			{"Condition": "qaCondition"},
			{"Condition": "prodCondition"},
			{"Condition": "devCondition"}
			]
		},
		"odsDBCondition": { "Fn::Or": [
			{"Condition": "qaCondition"},
			{"Condition": "prodCondition"},
			{"Condition": "devCondition"}
			]
		},
		"allCondition": { "Fn::Or": [
			{"Condition": "qaCondition"},
			{"Condition": "nonprodCondition"},
			{"Condition": "prodCondition"},
			{"Condition": "devCondition"},
			{"Condition": "sbCondition"}
			]
		}
	},
	"Resources": {
		"Ssb9sg01": {
			"Type": "AWS::EC2::SecurityGroup",
			"Condition" : "allCondition",
			"Properties": {
				"GroupDescription": "SSB 9 Security Group",
				"VpcId": {
					"Ref": "VPC"
				},
				"Tags": [{
					"Key": "Name",
					"Value": {"Fn::Join": ["", ["a", {"Ref": "AccountId"},{"Fn::FindInMap": ["RegionCodeMap", {"Ref": "AWS::Region"}, "RegionCode"]}, {"Ref": "Env"},"-sg-",{ "Ref": "UniversityIslandName" },"ssb9","01"]]}
					}],
				"SecurityGroupIngress": [
					{ "IpProtocol": "tcp", "FromPort": "22", "ToPort": "22","CidrIp": { "Ref": "VPCCIDR" }},
					{ "IpProtocol": "-1","FromPort": "1", "ToPort": "65535", "CidrIp": { "Ref": "LaureateOnPremCIDR"}},
					{ "IpProtocol" : "icmp", "FromPort" : "-1", "ToPort" : "-1", "CidrIp" : "10.12.16.0/23" },
					{ "IpProtocol" : "icmp", "FromPort" : "-1", "ToPort" : "-1", "CidrIp" : "10.12.52.0/24" },
					{ "IpProtocol" : "icmp", "FromPort" : "-1", "ToPort" : "-1", "CidrIp" : { "Ref": "VPCCIDR" }},
					{ "IpProtocol": "tcp", "FromPort": "443", "ToPort": "443","CidrIp": {"Fn::FindInMap": ["TenableMap", {"Ref": "AWS::Region"}, "scanner1"]}},
					{ "IpProtocol": "tcp", "FromPort": "443", "ToPort": "443","CidrIp": {"Fn::FindInMap": ["TenableMap", {"Ref": "AWS::Region"}, "scanner2"]}},
					{ "IpProtocol": "tcp", "FromPort": "22", "ToPort": "22","CidrIp": { "Ref": "LaureateOnPremCIDR" }}
				],
				"SecurityGroupEgress": [
					{ "IpProtocol": "-1","FromPort": "1", "ToPort": "65535", "CidrIp": { "Ref": "VPCCIDR"}},
					{ "IpProtocol": "-1","FromPort": "1", "ToPort": "65535", "CidrIp": { "Ref": "LaureateOnPremCIDR"}},
					{ "IpProtocol": "tcp", "FromPort": "443", "ToPort": "443","CidrIp": {"Fn::FindInMap": ["TenableMap", {"Ref": "AWS::Region"}, "scanner1"]}},
					{ "IpProtocol": "tcp", "FromPort": "443", "ToPort": "443","CidrIp": {"Fn::FindInMap": ["TenableMap", {"Ref": "AWS::Region"}, "scanner2"]}},
					{ "IpProtocol": "tcp", "FromPort": "443", "ToPort": "443","DestinationPrefixListId": {"Fn::FindInMap": ["S3PrefixListIdMap", {"Ref": "AWS::Region"}, "PLI"]}}
				]
			}
		},
		"Ssb9sg01Inbound01": {
			"Type": "AWS::EC2::SecurityGroupIngress",
			"Condition" : "devsbCondition",
			"Properties": {"IpProtocol": "-1", "FromPort": "1", "ToPort": "65535", "CidrIp": {"Fn::FindInMap": ["DevSandboxSGMap", {"Ref": "Env"}, "crossDevSandboxCidr"]}, "GroupId": {"Fn::GetAtt": ["Ssb9sg01","GroupId"]}}
		},

		"Odsappsg01": {
			"Type": "AWS::EC2::SecurityGroup",
			"Condition" : "allCondition",
			"Properties": {
				"GroupDescription": "ODS App Security Group",
				"VpcId": {
					"Ref": "VPC"
				},
				"Tags": [{
					"Key":"Name",
					"Value": {"Fn::Join": ["", ["a", {"Ref": "AccountId"},{"Fn::FindInMap": ["RegionCodeMap", {"Ref": "AWS::Region"}, "RegionCode"]}, {"Ref": "Env"},"-sg-",{ "Ref": "UniversityIslandName" },"oap","01"]]}
					}],
				"SecurityGroupIngress": [
					{ "IpProtocol": "tcp", "FromPort": "22", "ToPort": "22","CidrIp": { "Ref": "VPCCIDR" }},
					{ "IpProtocol": "-1","FromPort": "1", "ToPort": "65535", "CidrIp": { "Ref": "LaureateOnPremCIDR"}},
					{ "IpProtocol" : "icmp", "FromPort" : "-1", "ToPort" : "-1", "CidrIp" : "10.12.16.0/23" },
					{ "IpProtocol" : "icmp", "FromPort" : "-1", "ToPort" : "-1", "CidrIp" : "10.12.52.0/24" },
					{ "IpProtocol" : "icmp", "FromPort" : "-1", "ToPort" : "-1", "CidrIp" : { "Ref": "VPCCIDR" }},
					{ "IpProtocol": "tcp", "FromPort": "443", "ToPort": "443","CidrIp": {"Fn::FindInMap": ["TenableMap", {"Ref": "AWS::Region"}, "scanner1"]}},
					{ "IpProtocol": "tcp", "FromPort": "443", "ToPort": "443","CidrIp": {"Fn::FindInMap": ["TenableMap", {"Ref": "AWS::Region"}, "scanner2"]}},
					{ "IpProtocol": "tcp", "FromPort": "22", "ToPort": "22","CidrIp": { "Ref": "LaureateOnPremCIDR" }}
				],
				"SecurityGroupEgress": [
					{ "IpProtocol": "-1","FromPort": "1", "ToPort": "65535", "CidrIp": { "Ref": "VPCCIDR"}},
					{ "IpProtocol": "-1","FromPort": "1", "ToPort": "65535", "CidrIp": { "Ref": "LaureateOnPremCIDR"}},
					{ "IpProtocol": "tcp", "FromPort": "443", "ToPort": "443","CidrIp": {"Fn::FindInMap": ["TenableMap", {"Ref": "AWS::Region"}, "scanner1"]}},
					{ "IpProtocol": "tcp", "FromPort": "443", "ToPort": "443","CidrIp": {"Fn::FindInMap": ["TenableMap", {"Ref": "AWS::Region"}, "scanner2"]}},
					{ "IpProtocol": "tcp", "FromPort": "443", "ToPort": "443","DestinationPrefixListId": {"Fn::FindInMap": ["S3PrefixListIdMap", {"Ref": "AWS::Region"}, "PLI"]}}
				]
			}
		},
		"Odsappsg01Inbound01": {
			"Type": "AWS::EC2::SecurityGroupIngress",
			"Condition" : "devsbCondition",
			"Properties": {"IpProtocol": "-1", "FromPort": "1", "ToPort": "65535", "CidrIp": {"Fn::FindInMap": ["DevSandboxSGMap", {"Ref": "Env"}, "crossDevSandboxCidr"]}, "GroupId": {"Fn::GetAtt": ["Odsappsg01","GroupId"]}}
		},

		"Cleanaddrsg01": {
		  "Type": "AWS::EC2::SecurityGroup",
			"Condition" : "allCondition",
		  "Properties": {
		    "GroupDescription": "Cleanaddress Security Group",
		    "VpcId": {
		      "Ref": "VPC"
		    },
		    "Tags": [{
					"Key": "Name",
					"Value": {"Fn::Join": ["", ["a", {"Ref": "AccountId"},{"Fn::FindInMap": ["RegionCodeMap", {"Ref": "AWS::Region"}, "RegionCode"]}, {"Ref": "Env"},"-sg-",{ "Ref": "UniversityIslandName" },"adr","01"]]}
					}],
				"SecurityGroupIngress": [
					{ "IpProtocol": "tcp", "FromPort": "22", "ToPort": "22","CidrIp": { "Ref": "VPCCIDR" }},
					{ "IpProtocol": "-1","FromPort": "1", "ToPort": "65535", "CidrIp": { "Ref": "LaureateOnPremCIDR"}},
					{ "IpProtocol" : "icmp", "FromPort" : "-1", "ToPort" : "-1", "CidrIp" : "10.12.16.0/23" },
					{ "IpProtocol" : "icmp", "FromPort" : "-1", "ToPort" : "-1", "CidrIp" : "10.12.52.0/24" },
					{ "IpProtocol" : "icmp", "FromPort" : "-1", "ToPort" : "-1", "CidrIp" : { "Ref": "VPCCIDR" }},
					{ "IpProtocol": "tcp", "FromPort": "22", "ToPort": "22","CidrIp": { "Ref": "LaureateOnPremCIDR" }}
				],
				"SecurityGroupEgress": [
					{ "IpProtocol": "-1","FromPort": "1", "ToPort": "65535", "CidrIp": { "Ref": "VPCCIDR"}},
					{ "IpProtocol": "-1","FromPort": "1", "ToPort": "65535", "CidrIp": { "Ref": "LaureateOnPremCIDR"}},
					{ "IpProtocol": "-1","FromPort": "1", "ToPort": "65535", "CidrIp": "0.0.0.0/0"},
					{ "IpProtocol": "tcp", "FromPort": "443", "ToPort": "443","DestinationPrefixListId": {"Fn::FindInMap": ["S3PrefixListIdMap", {"Ref": "AWS::Region"}, "PLI"]}}
				]
		  }
		},
		"Cleanaddrsg01Inbound01": {
			"Type": "AWS::EC2::SecurityGroupIngress",
			"Condition" : "devsbCondition",
			"Properties": {"IpProtocol": "-1", "FromPort": "1", "ToPort": "65535", "CidrIp": {"Fn::FindInMap": ["DevSandboxSGMap", {"Ref": "Env"}, "crossDevSandboxCidr"]}, "GroupId": {"Fn::GetAtt": ["Cleanaddrsg01","GroupId"]}}
		},

		"Emssg01": {
		  "Type": "AWS::EC2::SecurityGroup",
			"Condition" : "allCondition",
		  "Properties": {
		    "GroupDescription": "EMS Security Group",
		    "VpcId": {
		      "Ref": "VPC"
		    },
		    "Tags": [{
					"Key": "Name",
					"Value": {"Fn::Join": ["", ["a", {"Ref": "AccountId"},{"Fn::FindInMap": ["RegionCodeMap", {"Ref": "AWS::Region"}, "RegionCode"]}, {"Ref": "Env"},"-sg-",{ "Ref": "UniversityIslandName" },"ems","01"]]}
					}],
				"SecurityGroupIngress": [
					{ "IpProtocol": "tcp", "FromPort": "22", "ToPort": "22","CidrIp": { "Ref": "VPCCIDR" }},
					{ "IpProtocol": "-1","FromPort": "1", "ToPort": "65535", "CidrIp": { "Ref": "LaureateOnPremCIDR"}},
					{ "IpProtocol" : "icmp", "FromPort" : "-1", "ToPort" : "-1", "CidrIp" : "10.12.16.0/23" },
					{ "IpProtocol" : "icmp", "FromPort" : "-1", "ToPort" : "-1", "CidrIp" : "10.12.52.0/24" },
					{ "IpProtocol" : "icmp", "FromPort" : "-1", "ToPort" : "-1", "CidrIp" : { "Ref": "VPCCIDR" }},
					{ "IpProtocol": "tcp", "FromPort": "22", "ToPort": "22","CidrIp": { "Ref": "LaureateOnPremCIDR" }}
				],
				"SecurityGroupEgress": [
					{ "IpProtocol": "-1","FromPort": "1", "ToPort": "65535", "CidrIp": { "Ref": "VPCCIDR"}},
					{ "IpProtocol": "-1","FromPort": "1", "ToPort": "65535", "CidrIp": { "Ref": "LaureateOnPremCIDR"}},
					{ "IpProtocol": "-1","FromPort": "1", "ToPort": "65535", "CidrIp": "0.0.0.0/0"},
					{ "IpProtocol": "tcp", "FromPort": "443", "ToPort": "443","DestinationPrefixListId": {"Fn::FindInMap": ["S3PrefixListIdMap", {"Ref": "AWS::Region"}, "PLI"]}}
				]
		  }
		},
		"Emssg01Inbound01": {
			"Type": "AWS::EC2::SecurityGroupIngress",
			"Condition" : "allCondition",
			"Properties": {"IpProtocol": "tcp", "FromPort": {"Fn::FindInMap": ["PortsMap", {"Ref": "Env"}, "ems"]}, "ToPort": {"Fn::FindInMap": ["PortsMap", {"Ref": "Env"}, "ems"]}, "CidrIp": { "Ref": "VPCCIDR"} , "GroupId": {"Fn::GetAtt": ["Emssg01","GroupId"]}}
		},
		"Emssg01Inbound02": {
			"Type": "AWS::EC2::SecurityGroupIngress",
			"Condition" : "devsbCondition",
			"Properties": {"IpProtocol": "-1", "FromPort": "1", "ToPort": "65535", "CidrIp": {"Fn::FindInMap": ["DevSandboxSGMap", {"Ref": "Env"}, "crossDevSandboxCidr"]}, "GroupId": {"Fn::GetAtt": ["Emssg01","GroupId"]}}
		},

		"Oemsg01": {
		  "Type": "AWS::EC2::SecurityGroup",
			"Condition" : "prodCondition",
		  "Properties": {
		    "GroupDescription": "OEM Security Group",
		    "VpcId": {
		      "Ref": "VPC"
		    },
		    "Tags": [{
					"Key": "Name",
					"Value": {"Fn::Join": ["", ["a", {"Ref": "AccountId"},{"Fn::FindInMap": ["RegionCodeMap", {"Ref": "AWS::Region"}, "RegionCode"]}, {"Ref": "Env"},"-sg-",{ "Ref": "UniversityIslandName" },"oem","01"]]}
					}],
				"SecurityGroupIngress": [
					{ "IpProtocol": "tcp", "FromPort": "22", "ToPort": "22","CidrIp": { "Ref": "VPCCIDR" }},
					{ "IpProtocol": "-1","FromPort": "1", "ToPort": "65535", "CidrIp": { "Ref": "LaureateOnPremCIDR"}},
					{ "IpProtocol" : "icmp", "FromPort" : "-1", "ToPort" : "-1", "CidrIp" : "10.12.16.0/23" },
					{ "IpProtocol" : "icmp", "FromPort" : "-1", "ToPort" : "-1", "CidrIp" : "10.12.52.0/24" },
					{ "IpProtocol" : "icmp", "FromPort" : "-1", "ToPort" : "-1", "CidrIp" : { "Ref": "VPCCIDR" }},
					{ "IpProtocol": "tcp", "FromPort": "22", "ToPort": "22","CidrIp": { "Ref": "LaureateOnPremCIDR" }}
				],
				"SecurityGroupEgress": [
					{ "IpProtocol": "-1","FromPort": "1", "ToPort": "65535", "CidrIp": { "Ref": "VPCCIDR"}},
					{ "IpProtocol": "-1","FromPort": "1", "ToPort": "65535", "CidrIp": { "Ref": "LaureateOnPremCIDR"}},
					{ "IpProtocol": "-1","FromPort": "1", "ToPort": "65535", "CidrIp": "0.0.0.0/0"},
					{ "IpProtocol": "tcp", "FromPort": "443", "ToPort": "443","DestinationPrefixListId": {"Fn::FindInMap": ["S3PrefixListIdMap", {"Ref": "AWS::Region"}, "PLI"]}}
				]
		  }
		},

		"Oemdbsg01": {
		  "Type": "AWS::EC2::SecurityGroup",
			"Condition" : "prodCondition",
		  "Properties": {
		    "GroupDescription": "OEM DB Security Group",
		    "VpcId": {
		      "Ref": "VPC"
		    },
		    "Tags": [{
					"Key": "Name",
					"Value": {"Fn::Join": ["", ["a", {"Ref": "AccountId"},{"Fn::FindInMap": ["RegionCodeMap", {"Ref": "AWS::Region"}, "RegionCode"]}, {"Ref": "Env"},"-sg-",{ "Ref": "UniversityIslandName" },"oem","01"]]}
					}],
				"SecurityGroupIngress": [
					{ "IpProtocol": "tcp", "FromPort": "22", "ToPort": "22","CidrIp": { "Ref": "VPCCIDR" }},
					{ "IpProtocol": "tcp", "FromPort": {"Fn::FindInMap": ["PortsMap",{"Ref":"Env"},"db"]}, "ToPort": {"Fn::FindInMap": ["PortsMap",{"Ref":"Env"},"db"]},"CidrIp": { "Ref": "VPCCIDR" }},
					{ "IpProtocol": "-1","FromPort": "1", "ToPort": "65535", "CidrIp": { "Ref": "LaureateOnPremCIDR"}},
					{ "IpProtocol" : "icmp", "FromPort" : "-1", "ToPort" : "-1", "CidrIp" : "10.12.16.0/23" },
					{ "IpProtocol" : "icmp", "FromPort" : "-1", "ToPort" : "-1", "CidrIp" : "10.12.52.0/24" },
					{ "IpProtocol" : "icmp", "FromPort" : "-1", "ToPort" : "-1", "CidrIp" : { "Ref": "VPCCIDR" }},
					{ "IpProtocol": "tcp", "FromPort": "22", "ToPort": "22","CidrIp": { "Ref": "LaureateOnPremCIDR" }}
				],
				"SecurityGroupEgress": [
					{ "IpProtocol": "-1","FromPort": "1", "ToPort": "65535", "CidrIp": { "Ref": "VPCCIDR"}},
					{ "IpProtocol": "-1","FromPort": "1", "ToPort": "65535", "CidrIp": { "Ref": "LaureateOnPremCIDR"}},
					{ "IpProtocol": "-1","FromPort": "1", "ToPort": "65535", "CidrIp": "0.0.0.0/0"},
					{ "IpProtocol": "tcp", "FromPort": "443", "ToPort": "443","DestinationPrefixListId": {"Fn::FindInMap": ["S3PrefixListIdMap", {"Ref": "AWS::Region"}, "PLI"]}}
				]
		  }
		},
		"Oemdbsg01Inbound01": {
			"Type": "AWS::EC2::SecurityGroupIngress",
			"Condition" : "prodCondition",
			"Properties": {
				"IpProtocol": "tcp",
				"FromPort": {"Fn::FindInMap": ["PortsMap",{"Ref":"Env"},"db"]},
				"ToPort": {"Fn::FindInMap": ["PortsMap",{"Ref":"Env"},"db"]},
				"SourceSecurityGroupId": {
					"Fn::GetAtt": [
						"Oemsg01","GroupId"
					]
				},
        "GroupId": {
					"Fn::GetAtt": [
						"Oemdbsg01","GroupId"
					]
				}
			}
		},

		"Bepsg01": {
			"Type": "AWS::EC2::SecurityGroup",
			"Condition" : "sbqaCondition",
			"Properties": {
				"GroupDescription": "BEP Security Group",
				"VpcId": {
					"Ref": "VPC"
				},
				"Tags": [{
					"Key": "Name",
					"Value": {"Fn::Join": ["", ["a", {"Ref": "AccountId"},{"Fn::FindInMap": ["RegionCodeMap", {"Ref": "AWS::Region"}, "RegionCode"]}, {"Ref": "Env"},"-sg-",{ "Ref": "UniversityIslandName" },"bep","01"]]}
					}],
				"SecurityGroupIngress": [
					{ "IpProtocol": "tcp", "FromPort": "22", "ToPort": "22","CidrIp": { "Ref": "VPCCIDR" }},
					{ "IpProtocol": "-1","FromPort": "1", "ToPort": "65535", "CidrIp": { "Ref": "LaureateOnPremCIDR"}},
					{ "IpProtocol" : "icmp", "FromPort" : "-1", "ToPort" : "-1", "CidrIp" : "10.12.16.0/23" },
					{ "IpProtocol" : "icmp", "FromPort" : "-1", "ToPort" : "-1", "CidrIp" : "10.12.52.0/24" },
					{ "IpProtocol" : "icmp", "FromPort" : "-1", "ToPort" : "-1", "CidrIp" : { "Ref": "VPCCIDR" }},
					{ "IpProtocol": "tcp", "FromPort": "22", "ToPort": "22","CidrIp": { "Ref": "LaureateOnPremCIDR" }}
				],
				"SecurityGroupEgress": [
					{ "IpProtocol": "-1","FromPort": "1", "ToPort": "65535", "CidrIp": { "Ref": "VPCCIDR"}},
					{ "IpProtocol": "-1","FromPort": "1", "ToPort": "65535", "CidrIp": { "Ref": "LaureateOnPremCIDR"}},
					{ "IpProtocol": "-1","FromPort": "1", "ToPort": "65535", "CidrIp": "0.0.0.0/0"},
					{ "IpProtocol": "tcp", "FromPort": "443", "ToPort": "443","DestinationPrefixListId": {"Fn::FindInMap": ["S3PrefixListIdMap", {"Ref": "AWS::Region"}, "PLI"]}}
				]
			}
		},
		"Bepsg01Inbound01": {
			"Type": "AWS::EC2::SecurityGroupIngress",
			"Condition" : "sbqaCondition",
			"Properties": {
				"IpProtocol": "tcp",
				"FromPort": {"Fn::FindInMap": ["PortsMap", {"Ref": "Env"}, "bep"]},
				"ToPort": {"Fn::FindInMap": ["PortsMap", {"Ref": "Env"}, "bep"]},
				"SourceSecurityGroupId": {
					"Fn::GetAtt": [
						"albBepsg01","GroupId"
					]
				},
				"GroupId": {
					"Fn::GetAtt": [
						"Bepsg01","GroupId"
					]
				}
			}
		},
		"Bepsg01Inbound02": {
			"Type": "AWS::EC2::SecurityGroupIngress",
			"Condition" : "sbCondition",
			"Properties": {"IpProtocol": "-1", "FromPort": "1", "ToPort": "65535", "CidrIp": {"Fn::FindInMap": ["DevSandboxSGMap", {"Ref": "Env"}, "crossDevSandboxCidr"]}, "GroupId": {"Fn::GetAtt": ["Bepsg01","GroupId"]}}
		},

		"Dwcsg01": {
			"Type": "AWS::EC2::SecurityGroup",
			"Condition": "sbCondition",
			"Properties": {
				"GroupDescription": "DegreeWorks Classic Security Group",
				"VpcId": {
					"Ref": "VPC"
				},
				"Tags": [{
					"Key": "Name",
					"Value": {"Fn::Join": ["", ["a", {"Ref": "AccountId"},{"Fn::FindInMap": ["RegionCodeMap", {"Ref": "AWS::Region"}, "RegionCode"]}, {"Ref": "Env"},"-sg-",{ "Ref": "UniversityIslandName" },"dwc","01"]]}
					}],
				"SecurityGroupIngress": [
					{ "IpProtocol": "tcp", "FromPort": "22", "ToPort": "22","CidrIp": { "Ref": "VPCCIDR" }},
					{ "IpProtocol": "-1","FromPort": "1", "ToPort": "65535", "CidrIp": { "Ref": "LaureateOnPremCIDR"}},
					{ "IpProtocol" : "icmp", "FromPort" : "-1", "ToPort" : "-1", "CidrIp" : "10.12.16.0/23" },
					{ "IpProtocol" : "icmp", "FromPort" : "-1", "ToPort" : "-1", "CidrIp" : "10.12.52.0/24" },
					{ "IpProtocol" : "icmp", "FromPort" : "-1", "ToPort" : "-1", "CidrIp" : { "Ref": "VPCCIDR" }},
					{ "IpProtocol": "tcp", "FromPort": "22", "ToPort": "22","CidrIp": { "Ref": "LaureateOnPremCIDR" }}
				],
				"SecurityGroupEgress": [
					{ "IpProtocol": "-1","FromPort": "1", "ToPort": "65535", "CidrIp": { "Ref": "VPCCIDR"}},
					{ "IpProtocol": "-1","FromPort": "1", "ToPort": "65535", "CidrIp": { "Ref": "LaureateOnPremCIDR"}},
					{ "IpProtocol": "-1","FromPort": "1", "ToPort": "65535", "CidrIp": "0.0.0.0/0"},
					{ "IpProtocol": "tcp", "FromPort": "443", "ToPort": "443","DestinationPrefixListId": {"Fn::FindInMap": ["S3PrefixListIdMap", {"Ref": "AWS::Region"}, "PLI"]}}
				]
			}
		},
		"Dwcsg01Inbound01": {
			"Type": "AWS::EC2::SecurityGroupIngress",
			"Condition": "sbCondition",
			"Properties": {
				"IpProtocol": "tcp",
				"FromPort": {"Fn::FindInMap": ["PortsMap", {"Ref": "Env"}, "dwWeb"]},
				"ToPort": {"Fn::FindInMap": ["PortsMap", {"Ref": "Env"}, "dwWeb"]},
				"SourceSecurityGroupId": {"Fn::GetAtt": [ "albDwcsg01","GroupId"]},
				"GroupId": {"Fn::GetAtt": ["Dwcsg01","GroupId"]}
			}
		},
		"Dwcsg01Inbound02": {
			"Type": "AWS::EC2::SecurityGroupIngress",
			"Condition" : "sbCondition",
			"Properties": {"IpProtocol": "-1", "FromPort": "1", "ToPort": "65535", "CidrIp": {"Fn::FindInMap": ["DevSandboxSGMap", {"Ref": "Env"}, "crossDevSandboxCidr"]}, "GroupId": {"Fn::GetAtt": ["Dwcsg01","GroupId"]}}
		},

		"Dwasg01": {
			"Type": "AWS::EC2::SecurityGroup",
			"Condition": "sbCondition",
			"Properties": {
				"GroupDescription": "DegreeWorks Application Security Group",
				"VpcId": {
					"Ref": "VPC"
				},
				"Tags": [{
					"Key": "Name",
					"Value": {"Fn::Join": ["", ["a", {"Ref": "AccountId"},{"Fn::FindInMap": ["RegionCodeMap", {"Ref": "AWS::Region"}, "RegionCode"]}, {"Ref": "Env"},"-sg-",{ "Ref": "UniversityIslandName" },"dwa","01"]]}
					}],
				"SecurityGroupIngress": [
					{ "IpProtocol": "tcp", "FromPort": "22", "ToPort": "22","CidrIp": { "Ref": "VPCCIDR" }},
					{ "IpProtocol": "-1","FromPort": "1", "ToPort": "65535", "CidrIp": { "Ref": "LaureateOnPremCIDR"}},
					{ "IpProtocol" : "icmp", "FromPort" : "-1", "ToPort" : "-1", "CidrIp" : "10.12.16.0/23" },
					{ "IpProtocol" : "icmp", "FromPort" : "-1", "ToPort" : "-1", "CidrIp" : "10.12.52.0/24" },
					{ "IpProtocol" : "icmp", "FromPort" : "-1", "ToPort" : "-1", "CidrIp" : { "Ref": "VPCCIDR" }},
					{ "IpProtocol": "tcp", "FromPort": "22", "ToPort": "22","CidrIp": { "Ref": "LaureateOnPremCIDR" }}
				],
				"SecurityGroupEgress": [
					{ "IpProtocol": "-1","FromPort": "1", "ToPort": "65535", "CidrIp": { "Ref": "VPCCIDR"}},
					{ "IpProtocol": "-1","FromPort": "1", "ToPort": "65535", "CidrIp": { "Ref": "LaureateOnPremCIDR"}},
					{ "IpProtocol": "-1","FromPort": "1", "ToPort": "65535", "CidrIp": "0.0.0.0/0"},
					{ "IpProtocol": "tcp", "FromPort": "443", "ToPort": "443","DestinationPrefixListId": {"Fn::FindInMap": ["S3PrefixListIdMap", {"Ref": "AWS::Region"}, "PLI"]}}
				]
			}
		},
		"Dwasg01Inbound01": {
			"Type": "AWS::EC2::SecurityGroupIngress",
			"Condition": "sbCondition",
			"Properties": {
				"IpProtocol": "tcp",
				"FromPort": {"Fn::FindInMap": ["PortsMap", {"Ref": "Env"}, "dwDashboard"]},
				"ToPort": {"Fn::FindInMap": ["PortsMap", {"Ref": "Env"}, "dwDashboard"]},
				"SourceSecurityGroupId": {"Fn::GetAtt": [ "albDwasg01","GroupId"]},
				"GroupId": {"Fn::GetAtt": ["Dwasg01","GroupId"]}
			}
		},
		"Dwasg01Inbound02": {
			"Type": "AWS::EC2::SecurityGroupIngress",
			"Condition": "sbCondition",
			"Properties": {
				"IpProtocol": "tcp",
				"FromPort": {"Fn::FindInMap": ["PortsMap", {"Ref": "Env"}, "dwGateway"]},
				"ToPort": {"Fn::FindInMap": ["PortsMap", {"Ref": "Env"}, "dwGateway"]},
				"SourceSecurityGroupId": {"Fn::GetAtt": [ "albDwasg01","GroupId"]},
				"GroupId": {"Fn::GetAtt": ["Dwasg01","GroupId"]}
			}
		},
		"Dwasg01Inbound03": {
			"Type": "AWS::EC2::SecurityGroupIngress",
			"Condition": "sbCondition",
			"Properties": {
				"IpProtocol": "tcp",
				"FromPort": {"Fn::FindInMap": ["PortsMap", {"Ref": "Env"}, "dwRespDashboard"]},
				"ToPort": {"Fn::FindInMap": ["PortsMap", {"Ref": "Env"}, "dwRespDashboard"]},
				"SourceSecurityGroupId": {"Fn::GetAtt": [ "albDwasg01","GroupId"]},
				"GroupId": {"Fn::GetAtt": ["Dwasg01","GroupId"]}
			}
		},
		"Dwasg01Inbound04": {
			"Type": "AWS::EC2::SecurityGroupIngress",
			"Condition": "sbCondition",
			"Properties": {
				"IpProtocol": "tcp",
				"FromPort": {"Fn::FindInMap": ["PortsMap", {"Ref": "Env"}, "dwTransferEquivalency"]},
				"ToPort": {"Fn::FindInMap": ["PortsMap", {"Ref": "Env"}, "dwTransferEquivalency"]},
				"SourceSecurityGroupId": {"Fn::GetAtt": [ "albDwasg01","GroupId"]},
				"GroupId": {"Fn::GetAtt": ["Dwasg01","GroupId"]}
			}
		},
		"Dwasg01Inbound05": {
			"Type": "AWS::EC2::SecurityGroupIngress",
			"Condition" : "sbCondition",
			"Properties": {"IpProtocol": "-1", "FromPort": "1", "ToPort": "65535", "CidrIp": {"Fn::FindInMap": ["DevSandboxSGMap", {"Ref": "Env"}, "crossDevSandboxCidr"]}, "GroupId": {"Fn::GetAtt": ["Dwasg01","GroupId"]}}
		},

		"Ba9sg01": {
			"Type": "AWS::EC2::SecurityGroup",
			"Condition" : "allCondition",
			"Properties": {
				"GroupDescription": "Banner Admin 9 Security Group",
				"VpcId": {
					"Ref": "VPC"
				},
				"Tags": [{
					"Key": "Name",
					"Value": {"Fn::Join": ["", ["a", {"Ref": "AccountId"},{"Fn::FindInMap": ["RegionCodeMap", {"Ref": "AWS::Region"}, "RegionCode"]}, {"Ref": "Env"},"-sg-",{ "Ref": "UniversityIslandName" },"ba9","01"]]}
					}],
				"SecurityGroupIngress": [
					{ "IpProtocol": "tcp", "FromPort": "22", "ToPort": "22","CidrIp": { "Ref": "VPCCIDR" }},
					{ "IpProtocol": "-1","FromPort": "1", "ToPort": "65535", "CidrIp": { "Ref": "LaureateOnPremCIDR"}},
					{ "IpProtocol" : "icmp", "FromPort" : "-1", "ToPort" : "-1", "CidrIp" : "10.12.16.0/23" },
					{ "IpProtocol" : "icmp", "FromPort" : "-1", "ToPort" : "-1", "CidrIp" : "10.12.52.0/24" },
					{ "IpProtocol" : "icmp", "FromPort" : "-1", "ToPort" : "-1", "CidrIp" : { "Ref": "VPCCIDR" }},
					{ "IpProtocol": "tcp", "FromPort": "22", "ToPort": "22","CidrIp": { "Ref": "LaureateOnPremCIDR" }}
				],
				"SecurityGroupEgress": [
					{ "IpProtocol": "-1","FromPort": "1", "ToPort": "65535", "CidrIp": { "Ref": "VPCCIDR"}},
					{ "IpProtocol": "-1","FromPort": "1", "ToPort": "65535", "CidrIp": { "Ref": "LaureateOnPremCIDR"}},
					{ "IpProtocol": "-1","FromPort": "1", "ToPort": "65535", "CidrIp": "0.0.0.0/0"},
					{ "IpProtocol": "tcp", "FromPort": "443", "ToPort": "443","DestinationPrefixListId": {"Fn::FindInMap": ["S3PrefixListIdMap", {"Ref": "AWS::Region"}, "PLI"]}}
				]
			}
		},
		"Ba9sg01Inbound01": {
			"Type": "AWS::EC2::SecurityGroupIngress",
			"Properties": {
				"IpProtocol": "tcp",
				"FromPort": {"Fn::FindInMap": ["PortsMap",{"Ref":"Env"},"b9admin"]},
				"ToPort": {"Fn::FindInMap": ["PortsMap",{"Ref":"Env"},"b9admin"]},
				"SourceSecurityGroupId": {
					"Fn::GetAtt": [
						"albBa9sg01","GroupId"
					]
				},
				"GroupId": {
					"Fn::GetAtt": [
						"Ba9sg01","GroupId"
					]
				}
			}
		},
		"Ba9sg01Inbound02": {
			"Type": "AWS::EC2::SecurityGroupIngress",
			"Condition" : "devsbCondition",
			"Properties": {"IpProtocol": "-1", "FromPort": "1", "ToPort": "65535", "CidrIp": {"Fn::FindInMap": ["DevSandboxSGMap", {"Ref": "Env"}, "crossDevSandboxCidr"]}, "GroupId": {"Fn::GetAtt": ["Ba9sg01","GroupId"]}}
		},

		"Eissg01": {
			"Type": "AWS::EC2::SecurityGroup",
			"Condition" : "allCondition",
			"Properties": {
				"GroupDescription": "EIS Security Group",
				"VpcId": {
					"Ref": "VPC"
				},
				"Tags": [{
					"Key": "Name",
					"Value": {"Fn::Join": ["", ["a", {"Ref": "AccountId"},{"Fn::FindInMap": ["RegionCodeMap", {"Ref": "AWS::Region"}, "RegionCode"]}, {"Ref": "Env"},"-sg-",{ "Ref": "UniversityIslandName" },"eis","01"]]}
					}],
				"SecurityGroupIngress": [
					{ "IpProtocol": "tcp", "FromPort": "22", "ToPort": "22","CidrIp": { "Ref": "VPCCIDR" }},
					{ "IpProtocol": "-1","FromPort": "1", "ToPort": "65535", "CidrIp": { "Ref": "LaureateOnPremCIDR"}},
					{ "IpProtocol" : "icmp", "FromPort" : "-1", "ToPort" : "-1", "CidrIp" : "10.12.16.0/23" },
					{ "IpProtocol" : "icmp", "FromPort" : "-1", "ToPort" : "-1", "CidrIp" : "10.12.52.0/24" },
					{ "IpProtocol" : "icmp", "FromPort" : "-1", "ToPort" : "-1", "CidrIp" : { "Ref": "VPCCIDR" }},
					{ "IpProtocol": "tcp", "FromPort": "22", "ToPort": "22","CidrIp": { "Ref": "LaureateOnPremCIDR" }}
				],
				"SecurityGroupEgress": [
					{ "IpProtocol": "-1","FromPort": "1", "ToPort": "65535", "CidrIp": { "Ref": "VPCCIDR"}},
					{ "IpProtocol": "-1","FromPort": "1", "ToPort": "65535", "CidrIp": { "Ref": "LaureateOnPremCIDR"}},
					{ "IpProtocol": "-1","FromPort": "1", "ToPort": "65535", "CidrIp": "0.0.0.0/0"},
					{ "IpProtocol": "tcp", "FromPort": "443", "ToPort": "443","DestinationPrefixListId": {"Fn::FindInMap": ["S3PrefixListIdMap", {"Ref": "AWS::Region"}, "PLI"]}}
				]
			}
		},
		"Eissg01Inbound01": {
			"Type": "AWS::EC2::SecurityGroupIngress",
			"Properties": {
				"IpProtocol": "tcp",
				"FromPort": {"Fn::FindInMap": ["PortsMap",{"Ref":"Env"},"eis"]},
				"ToPort": {"Fn::FindInMap": ["PortsMap",{"Ref":"Env"},"eis"]},
				"SourceSecurityGroupId": {
					"Fn::GetAtt": [
						"albEissg01","GroupId"
					]
				},
				"GroupId": {
					"Fn::GetAtt": [
						"Eissg01","GroupId"
					]
				}
			}
		},
		"Eissg01Inbound02": {
			"Type": "AWS::EC2::SecurityGroupIngress",
			"Condition" : "devsbCondition",
			"Properties": {"IpProtocol": "-1", "FromPort": "1", "ToPort": "65535", "CidrIp": {"Fn::FindInMap": ["DevSandboxSGMap", {"Ref": "Env"}, "crossDevSandboxCidr"]}, "GroupId": {"Fn::GetAtt": ["Eissg01","GroupId"]}}
		},

		"Beissg01": {
		  "Type": "AWS::EC2::SecurityGroup",
			"Condition" : "allCondition",
		  "Properties": {
		    "GroupDescription": "BEIS Group",
		    "VpcId": {
		      "Ref": "VPC"
		    },
		    "Tags": [{
					"Key": "Name",
					"Value": {"Fn::Join": ["", ["a", {"Ref": "AccountId"},{"Fn::FindInMap": ["RegionCodeMap", {"Ref": "AWS::Region"}, "RegionCode"]}, {"Ref": "Env"},"-sg-",{ "Ref": "UniversityIslandName" },"beis","01"]]}
					}],
				"SecurityGroupIngress": [
					{ "IpProtocol": "tcp", "FromPort": "22", "ToPort": "22","CidrIp": { "Ref": "VPCCIDR" }},
					{ "IpProtocol": "-1","FromPort": "1", "ToPort": "65535", "CidrIp": { "Ref": "LaureateOnPremCIDR"}},
					{ "IpProtocol" : "icmp", "FromPort" : "-1", "ToPort" : "-1", "CidrIp" : "10.12.16.0/23" },
					{ "IpProtocol" : "icmp", "FromPort" : "-1", "ToPort" : "-1", "CidrIp" : "10.12.52.0/24" },
					{ "IpProtocol" : "icmp", "FromPort" : "-1", "ToPort" : "-1", "CidrIp" : { "Ref": "VPCCIDR" }},
					{ "IpProtocol": "tcp", "FromPort": "22", "ToPort": "22","CidrIp": { "Ref": "LaureateOnPremCIDR" }}
				],
				"SecurityGroupEgress": [
					{ "IpProtocol": "-1","FromPort": "1", "ToPort": "65535", "CidrIp": { "Ref": "VPCCIDR"}},
					{ "IpProtocol": "-1","FromPort": "1", "ToPort": "65535", "CidrIp": { "Ref": "LaureateOnPremCIDR"}},
					{ "CidrIp": "0.0.0.0/0", "FromPort": "443", "IpProtocol": "tcp", "ToPort": "443" },
					{ "IpProtocol": "tcp", "FromPort": "443", "ToPort": "443","DestinationPrefixListId": {"Fn::FindInMap": ["S3PrefixListIdMap", {"Ref": "AWS::Region"}, "PLI"]}}
				]
		  }
		},
		"Beissg01Inbound01": {
			"Type": "AWS::EC2::SecurityGroupIngress",
			"Properties": {
				"IpProtocol": "tcp",
				"FromPort": {"Fn::FindInMap": ["PortsMap",{"Ref":"Env"},"beis"]},
				"ToPort": {"Fn::FindInMap": ["PortsMap",{"Ref":"Env"},"beis"]},
				"SourceSecurityGroupId": {
					"Fn::GetAtt": [
						"albBeissg01","GroupId"
					]
				},
				"GroupId": {
					"Fn::GetAtt": [
						"Beissg01","GroupId"
					]
				}
			}
		},
		"Beissg01Inbound02": {
			"Type": "AWS::EC2::SecurityGroupIngress",
			"Condition" : "devsbCondition",
			"Properties": {"IpProtocol": "-1", "FromPort": "1", "ToPort": "65535", "CidrIp": {"Fn::FindInMap": ["DevSandboxSGMap", {"Ref": "Env"}, "crossDevSandboxCidr"]}, "GroupId": {"Fn::GetAtt": ["Beissg01","GroupId"]}}
		},

		"Ssb8sg01": {
			"Type": "AWS::EC2::SecurityGroup",
			"Condition" : "allCondition",
			"Properties": {
				"GroupDescription": "SSB 8 Security Group",
				"VpcId": {
					"Ref": "VPC"
				},
				"Tags": [{
					"Key": "Name",
					"Value": {"Fn::Join": ["", ["a", {"Ref": "AccountId"},{"Fn::FindInMap": ["RegionCodeMap", {"Ref": "AWS::Region"}, "RegionCode"]}, {"Ref": "Env"},"-sg-",{ "Ref": "UniversityIslandName" },"ssb8","01"]]}
					}],
				"SecurityGroupIngress": [
					{ "IpProtocol": "tcp", "FromPort": "22", "ToPort": "22","CidrIp": { "Ref": "VPCCIDR" }},
					{ "IpProtocol": "-1","FromPort": "1", "ToPort": "65535", "CidrIp": { "Ref": "LaureateOnPremCIDR"}},
					{ "IpProtocol" : "icmp", "FromPort" : "-1", "ToPort" : "-1", "CidrIp" : "10.12.16.0/23" },
					{ "IpProtocol" : "icmp", "FromPort" : "-1", "ToPort" : "-1", "CidrIp" : "10.12.52.0/24" },
					{ "IpProtocol" : "icmp", "FromPort" : "-1", "ToPort" : "-1", "CidrIp" : { "Ref": "VPCCIDR" }},
					{ "IpProtocol": "tcp", "FromPort": "22", "ToPort": "22","CidrIp": { "Ref": "LaureateOnPremCIDR" }}
				],
				"SecurityGroupEgress": [
					{ "IpProtocol": "-1","FromPort": "1", "ToPort": "65535", "CidrIp": { "Ref": "VPCCIDR"}},
					{ "IpProtocol": "-1","FromPort": "1", "ToPort": "65535", "CidrIp": { "Ref": "LaureateOnPremCIDR"}},
					{ "IpProtocol": "tcp", "FromPort": "443", "ToPort": "443","DestinationPrefixListId": {"Fn::FindInMap": ["S3PrefixListIdMap", {"Ref": "AWS::Region"}, "PLI"]}}
				]
			}
		},
		"Ssb8sg01Inbound01": {
			"Type": "AWS::EC2::SecurityGroupIngress",
			"Properties": {
				"IpProtocol": "tcp",
				"FromPort": {"Fn::FindInMap": ["PortsMap",{"Ref":"Env"},"ssb8"]},
				"ToPort": {"Fn::FindInMap": ["PortsMap",{"Ref":"Env"},"ssb8"]},
				"SourceSecurityGroupId": {
					"Fn::GetAtt": [
						"albSsbsg01","GroupId"
					]
				},
				"GroupId": {
					"Fn::GetAtt": [
						"Ssb8sg01","GroupId"
					]
				}
			}
		},
		"Ssb8sg01Inbound02": {
			"Type": "AWS::EC2::SecurityGroupIngress",
			"Condition" : "devsbCondition",
			"Properties": {"IpProtocol": "-1", "FromPort": "1", "ToPort": "65535", "CidrIp": {"Fn::FindInMap": ["DevSandboxSGMap", {"Ref": "Env"}, "crossDevSandboxCidr"]}, "GroupId": {"Fn::GetAtt": ["Ssb8sg01","GroupId"]}}
		},

		"Jobsubsg01": {
			"Type": "AWS::EC2::SecurityGroup",
			"Condition" : "allCondition",
			"Properties": {
				"GroupDescription": "Jobsub Security Group",
				"VpcId": {
					"Ref": "VPC"
				},
				"Tags": [{
						"Key": "Name",
						"Value": {"Fn::Join": ["", ["a", {"Ref": "AccountId"},{"Fn::FindInMap": ["RegionCodeMap", {"Ref": "AWS::Region"}, "RegionCode"]}, {"Ref": "Env"},"-sg-",{ "Ref": "UniversityIslandName" },"job","01"]]}
					}
				],
				"SecurityGroupIngress": [
					{ "IpProtocol": "tcp", "FromPort": "22", "ToPort": "22","CidrIp": { "Ref": "VPCCIDR" }},
					{ "IpProtocol": "-1","FromPort": "1", "ToPort": "65535", "CidrIp": { "Ref": "LaureateOnPremCIDR"}},
					{ "IpProtocol" : "icmp", "FromPort" : "-1", "ToPort" : "-1", "CidrIp" : "10.12.16.0/23" },
					{ "IpProtocol" : "icmp", "FromPort" : "-1", "ToPort" : "-1", "CidrIp" : "10.12.52.0/24" },
					{ "IpProtocol" : "icmp", "FromPort" : "-1", "ToPort" : "-1", "CidrIp" : { "Ref": "VPCCIDR" }},
					{ "IpProtocol": "tcp", "FromPort": "443", "ToPort": "443","CidrIp": "52.219.62.0/23" },
					{ "IpProtocol": "tcp", "FromPort": "443", "ToPort": "443","CidrIp": "52.219.64.0/22" },
					{ "IpProtocol": "tcp", "FromPort": "443", "ToPort": "443","CidrIp": "52.92.248.0/22" },
					{ "IpProtocol": "tcp", "FromPort": "22", "ToPort": "22","CidrIp": { "Ref": "LaureateOnPremCIDR" }}
				],
				"SecurityGroupEgress": [
					{ "IpProtocol": "-1","FromPort": "1", "ToPort": "65535", "CidrIp": { "Ref": "VPCCIDR"}},
					{ "IpProtocol": "-1","FromPort": "1", "ToPort": "65535", "CidrIp": { "Ref": "LaureateOnPremCIDR"}},
					{ "IpProtocol": "-1","FromPort": "1", "ToPort": "65535", "CidrIp": "0.0.0.0/0"},
					{ "IpProtocol": "tcp", "FromPort": "443", "ToPort": "443","DestinationPrefixListId": {"Fn::FindInMap": ["S3PrefixListIdMap", {"Ref": "AWS::Region"}, "PLI"]}}
				]
			}
		},
		"Jobsubsg01Inbound02": {
			"Type": "AWS::EC2::SecurityGroupIngress",
			"Condition" : "devsbCondition",
			"Properties": {"IpProtocol": "tcp", "FromPort": "8400", "ToPort": "8403", "CidrIp": {"Fn::FindInMap": ["BackupServerMap", {"Ref": "Env"}, "server01"]}, "GroupId": {"Fn::GetAtt": ["Jobsubsg01","GroupId"]}}
		},
		"Jobsubsg01Inbound03": {
			"Type": "AWS::EC2::SecurityGroupIngress",
			"Condition" : "devsbCondition",
			"Properties": {"IpProtocol": "tcp", "FromPort": "8600", "ToPort": "8620", "CidrIp": {"Fn::FindInMap": ["BackupServerMap", {"Ref": "Env"}, "server01"]}, "GroupId": {"Fn::GetAtt": ["Jobsubsg01","GroupId"]}}
		},

		"Workflowsg01": {
			"Type": "AWS::EC2::SecurityGroup",
			"Properties": {
				"GroupDescription": "Workflow Security Group",
				"VpcId": {
					"Ref": "VPC"
				},
				"Tags": [{
					"Key": "Name",
					"Value": {"Fn::Join": ["", ["a", {"Ref": "AccountId"},{"Fn::FindInMap": ["RegionCodeMap", {"Ref": "AWS::Region"}, "RegionCode"]}, {"Ref": "Env"},"-sg-",{ "Ref": "UniversityIslandName" },"wfw","01"]]}
					}],
				"SecurityGroupIngress": [
					{ "IpProtocol": "tcp", "FromPort": "22", "ToPort": "22","CidrIp": { "Ref": "VPCCIDR" }},
					{ "IpProtocol": "-1","FromPort": "1", "ToPort": "65535", "CidrIp": { "Ref": "LaureateOnPremCIDR"}},
					{ "IpProtocol" : "icmp", "FromPort" : "-1", "ToPort" : "-1", "CidrIp" : "10.12.16.0/23" },
					{ "IpProtocol" : "icmp", "FromPort" : "-1", "ToPort" : "-1", "CidrIp" : "10.12.52.0/24" },
					{ "IpProtocol" : "icmp", "FromPort" : "-1", "ToPort" : "-1", "CidrIp" : { "Ref": "VPCCIDR" }},
					{ "IpProtocol": "tcp", "FromPort": "7001", "ToPort": "7001","CidrIp": { "Ref": "LaureateOnPremCIDR" }},
					{ "IpProtocol": "tcp", "FromPort": "7003", "ToPort": "7003","CidrIp": { "Ref": "LaureateOnPremCIDR" }},
					{ "IpProtocol": "tcp", "FromPort": "22", "ToPort": "22","CidrIp": { "Ref": "LaureateOnPremCIDR" }}
				],
				"SecurityGroupEgress": [
					{ "IpProtocol": "-1","FromPort": "1", "ToPort": "65535", "CidrIp": { "Ref": "VPCCIDR"}},
					{ "IpProtocol": "-1","FromPort": "1", "ToPort": "65535", "CidrIp": { "Ref": "LaureateOnPremCIDR"}},
					{ "IpProtocol": "-1","FromPort": "1", "ToPort": "65535", "CidrIp": "0.0.0.0/0"},
					{ "IpProtocol": "tcp", "FromPort": "443", "ToPort": "443","DestinationPrefixListId": {"Fn::FindInMap": ["S3PrefixListIdMap", {"Ref": "AWS::Region"}, "PLI"]}}
				]
			}
		},
		"Workflowsg01Inbound01": {
			"Type": "AWS::EC2::SecurityGroupIngress",
			"Properties": {
				"IpProtocol": "tcp",
				"FromPort": 7003,
				"ToPort": 7003,
				"SourceSecurityGroupId": {
					"Fn::GetAtt": [
						"Dbsg01","GroupId"
					]
				},
        "GroupId": {
					"Fn::GetAtt": [
						"Workflowsg01","GroupId"
					]
				}
			}
		},
		"Workflowsg01Inbound02": {
			"Type": "AWS::EC2::SecurityGroupIngress",
			"Properties": {
				"IpProtocol": "tcp",
				"FromPort": {"Fn::FindInMap": ["PortsMap",{"Ref":"Env"},"wfweblogic"]},
				"ToPort": {"Fn::FindInMap": ["PortsMap",{"Ref":"Env"},"wfweblogic"]},
				"SourceSecurityGroupId": {
					"Fn::GetAtt": [
						"albWorkflowsg01","GroupId"
					]
				},
        "GroupId": {
					"Fn::GetAtt": [
						"Workflowsg01","GroupId"
					]
				}
			}
		},

		"WorkflowTsg01": {
			"Type": "AWS::EC2::SecurityGroup",
			"Condition" : "allCondition",
			"Properties": {
				"GroupDescription": "Workflow Tomcat Security Group",
				"VpcId": {
					"Ref": "VPC"
				},
				"Tags": [{
					"Key": "Name",
					"Value": {"Fn::Join": ["", ["a", {"Ref": "AccountId"},{"Fn::FindInMap": ["RegionCodeMap", {"Ref": "AWS::Region"}, "RegionCode"]}, {"Ref": "Env"},"-sg-",{ "Ref": "UniversityIslandName" },"wfwt","01"]]}
					}],
				"SecurityGroupIngress": [
					{ "IpProtocol": "tcp", "FromPort": "22", "ToPort": "22","CidrIp": { "Ref": "VPCCIDR" }},
					{ "IpProtocol": "-1","FromPort": "1", "ToPort": "65535", "CidrIp": { "Ref": "LaureateOnPremCIDR"}},
					{ "IpProtocol" : "icmp", "FromPort" : "-1", "ToPort" : "-1", "CidrIp" : "10.12.16.0/23" },
					{ "IpProtocol" : "icmp", "FromPort" : "-1", "ToPort" : "-1", "CidrIp" : "10.12.52.0/24" },
					{ "IpProtocol" : "icmp", "FromPort" : "-1", "ToPort" : "-1", "CidrIp" : { "Ref": "VPCCIDR" }},
					{ "IpProtocol": "tcp", "FromPort": "7001", "ToPort": "7001","CidrIp": { "Ref": "LaureateOnPremCIDR" }},
					{ "IpProtocol": "tcp", "FromPort": "7003", "ToPort": "7003","CidrIp": { "Ref": "LaureateOnPremCIDR" }},
					{ "IpProtocol": "tcp", "FromPort": "22", "ToPort": "22","CidrIp": { "Ref": "LaureateOnPremCIDR" }}
				],
				"SecurityGroupEgress": [
					{ "IpProtocol": "-1","FromPort": "1", "ToPort": "65535", "CidrIp": { "Ref": "VPCCIDR"}},
					{ "IpProtocol": "-1","FromPort": "1", "ToPort": "65535", "CidrIp": { "Ref": "LaureateOnPremCIDR"}},
					{ "IpProtocol": "-1","FromPort": "1", "ToPort": "65535", "CidrIp": "0.0.0.0/0"},
					{ "IpProtocol": "tcp", "FromPort": "443", "ToPort": "443","DestinationPrefixListId": {"Fn::FindInMap": ["S3PrefixListIdMap", {"Ref": "AWS::Region"}, "PLI"]}}
				]
			}
		},
		"WorkflowTsg01Inbound01": {
			"Type": "AWS::EC2::SecurityGroupIngress",
			"Properties": {
				"IpProtocol": "tcp",
				"FromPort": 8100,
				"ToPort": 8100,
				"SourceSecurityGroupId": {
					"Fn::GetAtt": [
						"Dbsg01","GroupId"
					]
				},
        "GroupId": {
					"Fn::GetAtt": [
						"WorkflowTsg01","GroupId"
					]
				}
			}
		},
		"WorkflowTsg01Inbound02": {
			"Type": "AWS::EC2::SecurityGroupIngress",
			"Properties": {
				"IpProtocol": "tcp",
				"FromPort": {"Fn::FindInMap": ["PortsMap",{"Ref":"Env"},"wft"]},
				"ToPort": {"Fn::FindInMap": ["PortsMap",{"Ref":"Env"},"wft"]},
				"SourceSecurityGroupId": {
					"Fn::GetAtt": [
						"albWorkflowTsg01","GroupId"
					]
				},
        "GroupId": {
					"Fn::GetAtt": [
						"WorkflowTsg01","GroupId"
					]
				}
			}
		},
		"WorkflowTsg01Inbound03": {
			"Type": "AWS::EC2::SecurityGroupIngress",
			"Condition" : "devsbCondition",
			"Properties": {"IpProtocol": "-1", "FromPort": "1", "ToPort": "65535", "CidrIp": {"Fn::FindInMap": ["DevSandboxSGMap", {"Ref": "Env"}, "crossDevSandboxCidr"]}, "GroupId": {"Fn::GetAtt": ["WorkflowTsg01","GroupId"]}}
		},

		"Esmsg01": {
			"Type": "AWS::EC2::SecurityGroup",
			"Condition" : "allCondition",
			"Properties": {
				"GroupDescription": "ESM App Security Group",
				"VpcId": {
					"Ref": "VPC"
				},
				"Tags": [{
						"Key": "Name",
						"Value": {"Fn::Join": ["", ["a", {"Ref": "AccountId"},{"Fn::FindInMap": ["RegionCodeMap", {"Ref": "AWS::Region"}, "RegionCode"]}, {"Ref": "Env"},"-sg-",{ "Ref": "UniversityIslandName" },"esm","01"]]}
					}
				],
				"SecurityGroupIngress": [
					{ "IpProtocol": "tcp", "FromPort": "22", "ToPort": "22","CidrIp": { "Ref": "VPCCIDR" }},
					{ "IpProtocol": "tcp", "FromPort": "22", "ToPort": "22","CidrIp": { "Ref": "LaureateOnPremCIDR" }},
					{ "IpProtocol": "-1","FromPort": "1", "ToPort": "65535", "CidrIp": { "Ref": "LaureateOnPremCIDR"}},
					{ "IpProtocol" : "icmp", "FromPort" : "-1", "ToPort" : "-1", "CidrIp" : "10.12.16.0/23" },
					{ "IpProtocol" : "icmp", "FromPort" : "-1", "ToPort" : "-1", "CidrIp" : "10.12.52.0/24" },
					{ "IpProtocol" : "icmp", "FromPort" : "-1", "ToPort" : "-1", "CidrIp" : { "Ref": "VPCCIDR" }},
					{ "IpProtocol": "tcp", "FromPort": "8080", "ToPort": "8080","CidrIp": { "Ref": "LaureateOnPremCIDR" }}
				],
				"SecurityGroupEgress": [
					{ "IpProtocol": "-1","FromPort": "1", "ToPort": "65535", "CidrIp": { "Ref": "VPCCIDR"}},
					{ "IpProtocol": "-1","FromPort": "1", "ToPort": "65535", "CidrIp": { "Ref": "LaureateOnPremCIDR"}},
					{ "IpProtocol": "tcp", "FromPort": "22", "ToPort": "22","CidrIp": { "Ref": "VPCCIDR" }},
					{ "IpProtocol": "tcp", "FromPort": "8443", "ToPort": "8443","CidrIp": "0.0.0.0/0"},
					{ "IpProtocol": "tcp", "FromPort": "80", "ToPort": "80","CidrIp": "0.0.0.0/0"},
					{ "IpProtocol": "tcp", "FromPort": "443", "ToPort": "443","CidrIp": "0.0.0.0/0"},
					{ "IpProtocol": "tcp", "FromPort": "443", "ToPort": "443","DestinationPrefixListId": {"Fn::FindInMap": ["S3PrefixListIdMap", {"Ref": "AWS::Region"}, "PLI"]}}
				]
			}
		},
		"Esmsg01Inbound05": {
			"Type": "AWS::EC2::SecurityGroupIngress",
			"Properties": {
				"IpProtocol": "tcp",
				"FromPort": 8080,
				"ToPort": 8080,
				"SourceSecurityGroupId": {
					"Fn::GetAtt": [
						"Workflowsg01","GroupId"
					]
				},
				"GroupId": {
					"Fn::GetAtt": [
						"Esmsg01","GroupId"
					]
				}
			}
		},
		"Esmsg01Inbound06": {
			"Type": "AWS::EC2::SecurityGroupIngress",
			"Properties": {
				"IpProtocol": "tcp",
				"FromPort": 8081,
				"ToPort": 8081,
				"SourceSecurityGroupId": {
					"Fn::GetAtt": [
						"Workflowsg01","GroupId"
					]
				},
				"GroupId": {
					"Fn::GetAtt": [
						"Esmsg01","GroupId"
					]
				}
			}
		},
		"Esmsg01Inbound07": {
			"Type": "AWS::EC2::SecurityGroupIngress",
			"Properties": {
				"IpProtocol": "tcp",
				"FromPort": 8082,
				"ToPort": 8082,
				"SourceSecurityGroupId": {
					"Fn::GetAtt": [
						"Workflowsg01","GroupId"
					]
				},
				"GroupId": {
					"Fn::GetAtt": [
						"Esmsg01","GroupId"
					]
				}
			}
		},
		"Esmsg01Inbound08": {
			"Type": "AWS::EC2::SecurityGroupIngress",
			"Properties": {
				"IpProtocol": "tcp",
				"FromPort": 8100,
				"ToPort": 8100,
				"SourceSecurityGroupId": {
					"Fn::GetAtt": [
						"Workflowsg01","GroupId"
					]
				},
				"GroupId": {
					"Fn::GetAtt": [
						"Esmsg01","GroupId"
					]
				}
			}
		},
		"Esmsg01Inbound09": {
			"Type": "AWS::EC2::SecurityGroupIngress",
			"Condition" : "sbqaCondition",
			"Properties": {
				"IpProtocol": "tcp",
				"FromPort": 8080,
				"ToPort": 8080,
				"SourceSecurityGroupId": {
					"Fn::GetAtt": [
						"Bepsg01","GroupId"
					]
				},
				"GroupId": {
					"Fn::GetAtt": [
						"Esmsg01","GroupId"
					]
				}
			}
		},
		"Esmsg01Inbound10": {
			"Type": "AWS::EC2::SecurityGroupIngress",
			"Condition" : "sbqaCondition",
			"Properties": {
				"IpProtocol": "tcp",
				"FromPort": 8081,
				"ToPort": 8081,
				"SourceSecurityGroupId": {
					"Fn::GetAtt": [
						"Bepsg01","GroupId"
					]
				},
				"GroupId": {
					"Fn::GetAtt": [
						"Esmsg01","GroupId"
					]
				}
			}
		},
		"Esmsg01Inbound11": {
			"Type": "AWS::EC2::SecurityGroupIngress",
			"Condition" : "sbqaCondition",
			"Properties": {
				"IpProtocol": "tcp",
				"FromPort": 8082,
				"ToPort": 8082,
				"SourceSecurityGroupId": {
					"Fn::GetAtt": [
						"Bepsg01","GroupId"
					]
				},
				"GroupId": {
					"Fn::GetAtt": [
						"Esmsg01","GroupId"
					]
				}
			}
		},
		"Esmsg01Inbound12": {
			"Type": "AWS::EC2::SecurityGroupIngress",
			"Condition" : "sbqaCondition",
			"Properties": {
				"IpProtocol": "tcp",
				"FromPort": 8100,
				"ToPort": 8100,
				"SourceSecurityGroupId": {
					"Fn::GetAtt": [
						"Bepsg01","GroupId"
					]
				},
				"GroupId": {
					"Fn::GetAtt": [
						"Esmsg01","GroupId"
					]
				}
			}
		},
		"Esmsg01Inbound13": {
			"Type": "AWS::EC2::SecurityGroupIngress",
			"Properties": {
				"IpProtocol": "tcp",
				"FromPort": 8080,
				"ToPort": 8080,
				"SourceSecurityGroupId": {
					"Fn::GetAtt": [
						"Jobsubsg01","GroupId"
					]
				},
				"GroupId": {
					"Fn::GetAtt": [
						"Esmsg01","GroupId"
					]
				}
			}
		},
		"Esmsg01Inbound14": {
			"Type": "AWS::EC2::SecurityGroupIngress",
			"Properties": {
				"IpProtocol": "tcp",
				"FromPort": 8081,
				"ToPort": 8081,
				"SourceSecurityGroupId": {
					"Fn::GetAtt": [
						"Jobsubsg01","GroupId"
					]
				},
				"GroupId": {
					"Fn::GetAtt": [
						"Esmsg01","GroupId"
					]
				}
			}
		},
		"Esmsg01Inbound15": {
			"Type": "AWS::EC2::SecurityGroupIngress",
			"Properties": {
				"IpProtocol": "tcp",
				"FromPort": 8082,
				"ToPort": 8082,
				"SourceSecurityGroupId": {
					"Fn::GetAtt": [
						"Jobsubsg01","GroupId"
					]
				},
				"GroupId": {
					"Fn::GetAtt": [
						"Esmsg01","GroupId"
					]
				}
			}
		},
		"Esmsg01Inbound16": {
			"Type": "AWS::EC2::SecurityGroupIngress",
			"Properties": {
				"IpProtocol": "tcp",
				"FromPort": 8100,
				"ToPort": 8100,
				"SourceSecurityGroupId": {
					"Fn::GetAtt": [
						"Jobsubsg01","GroupId"
					]
				},
				"GroupId": {
					"Fn::GetAtt": [
						"Esmsg01","GroupId"
					]
				}
			}
		},
		"Esmsg01Inbound17": {
			"Type": "AWS::EC2::SecurityGroupIngress",
			"Properties": {
				"IpProtocol": "tcp",
				"FromPort": 8080,
				"ToPort": 8080,
				"SourceSecurityGroupId": {
					"Fn::GetAtt": [
						"Cleanaddrsg01","GroupId"
					]
				},
				"GroupId": {
					"Fn::GetAtt": [
						"Esmsg01","GroupId"
					]
				}
			}
		},
		"Esmsg01Inbound18": {
			"Type": "AWS::EC2::SecurityGroupIngress",
			"Properties": {
				"IpProtocol": "tcp",
				"FromPort": 8081,
				"ToPort": 8081,
				"SourceSecurityGroupId": {
					"Fn::GetAtt": [
						"Jobsubsg01","GroupId"
					]
				},
				"GroupId": {
					"Fn::GetAtt": [
						"Esmsg01","GroupId"
					]
				}
			}
		},
		"Esmsg01Inbound19": {
			"Type": "AWS::EC2::SecurityGroupIngress",
			"Properties": {
				"IpProtocol": "tcp",
				"FromPort": 8082,
				"ToPort": 8082,
				"SourceSecurityGroupId": {
					"Fn::GetAtt": [
						"Jobsubsg01","GroupId"
					]
				},
				"GroupId": {
					"Fn::GetAtt": [
						"Esmsg01","GroupId"
					]
				}
			}
		},
		"Esmsg01Inbound20": {
			"Type": "AWS::EC2::SecurityGroupIngress",
			"Properties": {
				"IpProtocol": "tcp",
				"FromPort": 8100,
				"ToPort": 8100,
				"SourceSecurityGroupId": {
					"Fn::GetAtt": [
						"Jobsubsg01","GroupId"
					]
				},
				"GroupId": {
					"Fn::GetAtt": [
						"Esmsg01","GroupId"
					]
				}
			}
		},
		"Esmsg01Inbound21": {
			"Type": "AWS::EC2::SecurityGroupIngress",
			"Properties": {
				"IpProtocol": "tcp",
				"FromPort": 8080,
				"ToPort": 8080,
				"SourceSecurityGroupId": {
					"Fn::GetAtt": [
						"Ba9sg01","GroupId"
					]
				},
				"GroupId": {
					"Fn::GetAtt": [
						"Esmsg01","GroupId"
					]
				}
			}
		},
		"Esmsg01Inbound22": {
			"Type": "AWS::EC2::SecurityGroupIngress",
			"Properties": {
				"IpProtocol": "tcp",
				"FromPort": 8081,
				"ToPort": 8081,
				"SourceSecurityGroupId": {
					"Fn::GetAtt": [
						"Jobsubsg01","GroupId"
					]
				},
				"GroupId": {
					"Fn::GetAtt": [
						"Esmsg01","GroupId"
					]
				}
			}
		},
		"Esmsg01Inbound23": {
			"Type": "AWS::EC2::SecurityGroupIngress",
			"Properties": {
				"IpProtocol": "tcp",
				"FromPort": 8082,
				"ToPort": 8082,
				"SourceSecurityGroupId": {
					"Fn::GetAtt": [
						"Jobsubsg01","GroupId"
					]
				},
				"GroupId": {
					"Fn::GetAtt": [
						"Esmsg01","GroupId"
					]
				}
			}
		},
		"Esmsg01Inbound24": {
			"Type": "AWS::EC2::SecurityGroupIngress",
			"Properties": {
				"IpProtocol": "tcp",
				"FromPort": 8100,
				"ToPort": 8100,
				"SourceSecurityGroupId": {
					"Fn::GetAtt": [
						"Jobsubsg01","GroupId"
					]
				},
				"GroupId": {
					"Fn::GetAtt": [
						"Esmsg01","GroupId"
					]
				}
			}
		},
		"Esmsg01Inbound25": {
			"Type": "AWS::EC2::SecurityGroupIngress",
			"Properties": {
				"IpProtocol": "tcp",
				"FromPort": 8080,
				"ToPort": 8080,
				"SourceSecurityGroupId": {
					"Fn::GetAtt": [
						"Ssb8sg01","GroupId"
					]
				},
				"GroupId": {
					"Fn::GetAtt": [
						"Esmsg01","GroupId"
					]
				}
			}
		},
		"Esmsg01Inbound26": {
			"Type": "AWS::EC2::SecurityGroupIngress",
			"Properties": {
				"IpProtocol": "tcp",
				"FromPort": 8081,
				"ToPort": 8081,
				"SourceSecurityGroupId": {
					"Fn::GetAtt": [
						"Jobsubsg01","GroupId"
					]
				},
				"GroupId": {
					"Fn::GetAtt": [
						"Esmsg01","GroupId"
					]
				}
			}
		},
		"Esmsg01Inbound27": {
			"Type": "AWS::EC2::SecurityGroupIngress",
			"Properties": {
				"IpProtocol": "tcp",
				"FromPort": 8082,
				"ToPort": 8082,
				"SourceSecurityGroupId": {
					"Fn::GetAtt": [
						"Jobsubsg01","GroupId"
					]
				},
				"GroupId": {
					"Fn::GetAtt": [
						"Esmsg01","GroupId"
					]
				}
			}
		},
		"Esmsg01Inbound28": {
			"Type": "AWS::EC2::SecurityGroupIngress",
			"Properties": {
				"IpProtocol": "tcp",
				"FromPort": 8100,
				"ToPort": 8100,
				"SourceSecurityGroupId": {
					"Fn::GetAtt": [
						"Jobsubsg01","GroupId"
					]
				},
				"GroupId": {
					"Fn::GetAtt": [
						"Esmsg01","GroupId"
					]
				}
			}
		},
		"Esmsg01Inbound29": {
			"Type": "AWS::EC2::SecurityGroupIngress",
			"Properties": {
				"IpProtocol": "tcp",
				"FromPort": 8080,
				"ToPort": 8080,
				"SourceSecurityGroupId": {
					"Fn::GetAtt": [
						"Ssb9sg01","GroupId"
					]
				},
				"GroupId": {
					"Fn::GetAtt": [
						"Esmsg01","GroupId"
					]
				}
			}
		},
		"Esmsg01Inbound30": {
			"Type": "AWS::EC2::SecurityGroupIngress",
			"Properties": {
				"IpProtocol": "tcp",
				"FromPort": 8081,
				"ToPort": 8081,
				"SourceSecurityGroupId": {
					"Fn::GetAtt": [
						"Jobsubsg01","GroupId"
					]
				},
				"GroupId": {
					"Fn::GetAtt": [
						"Esmsg01","GroupId"
					]
				}
			}
		},
		"Esmsg01Inbound31": {
			"Type": "AWS::EC2::SecurityGroupIngress",
			"Properties": {
				"IpProtocol": "tcp",
				"FromPort": 8082,
				"ToPort": 8082,
				"SourceSecurityGroupId": {
					"Fn::GetAtt": [
						"Jobsubsg01","GroupId"
					]
				},
				"GroupId": {
					"Fn::GetAtt": [
						"Esmsg01","GroupId"
					]
				}
			}
		},
		"Esmsg01Inbound32": {
			"Type": "AWS::EC2::SecurityGroupIngress",
			"Properties": {
				"IpProtocol": "tcp",
				"FromPort": 8100,
				"ToPort": 8100,
				"SourceSecurityGroupId": {
					"Fn::GetAtt": [
						"Jobsubsg01","GroupId"
					]
				},
				"GroupId": {
					"Fn::GetAtt": [
						"Esmsg01","GroupId"
					]
				}
			}
		},
		"Esmsg01Inbound33": {
			"Type": "AWS::EC2::SecurityGroupIngress",
			"Condition" : "devsbCondition",
			"Properties": {"IpProtocol": "-1", "FromPort": "1", "ToPort": "65535", "CidrIp": {"Fn::FindInMap": ["DevSandboxSGMap", {"Ref": "Env"}, "crossDevSandboxCidr"]}, "GroupId": {"Fn::GetAtt": ["Esmsg01","GroupId"]}}
		},
		"Esmsg01Inbound34": {
			"Type": "AWS::EC2::SecurityGroupIngress",
			"Condition" : "devsbCondition",
			"Properties": {"IpProtocol": "tcp", "FromPort": "8400", "ToPort": "8403", "CidrIp": {"Fn::FindInMap": ["BackupServerMap", {"Ref": "Env"}, "server01"]}, "GroupId": {"Fn::GetAtt": ["Esmsg01","GroupId"]}}
		},
		"Esmsg01Inbound35": {
			"Type": "AWS::EC2::SecurityGroupIngress",
			"Condition" : "devsbCondition",
			"Properties": {"IpProtocol": "tcp", "FromPort": "8600", "ToPort": "8620", "CidrIp": {"Fn::FindInMap": ["BackupServerMap", {"Ref": "Env"}, "server01"]}, "GroupId": {"Fn::GetAtt": ["Esmsg01","GroupId"]}}
		},

		"Odsdbsg01": {
			"Type": "AWS::EC2::SecurityGroup",
			"Condition" : "allCondition",
			"Properties": {
				"GroupDescription": "ODS DB Security Group",
				"VpcId": {
					"Ref": "VPC"
				},
				"Tags": [{
					"Key": "Name",
					"Value": {"Fn::Join": ["", ["a", {"Ref": "AccountId"},{"Fn::FindInMap": ["RegionCodeMap", {"Ref": "AWS::Region"}, "RegionCode"]}, {"Ref": "Env"},"-sg-",{ "Ref": "UniversityIslandName" },"ods","01"]]}
					}],
				"SecurityGroupIngress": [
					{ "IpProtocol": "tcp", "FromPort": "22", "ToPort": "22","CidrIp": { "Ref": "VPCCIDR" }},
					{ "IpProtocol": "-1","FromPort": "1", "ToPort": "65535", "CidrIp": { "Ref": "LaureateOnPremCIDR"}},
					{ "IpProtocol" : "icmp", "FromPort" : "-1", "ToPort" : "-1", "CidrIp" : "10.12.16.0/23" },
					{ "IpProtocol" : "icmp", "FromPort" : "-1", "ToPort" : "-1", "CidrIp" : "10.12.52.0/24" },
					{ "IpProtocol" : "icmp", "FromPort" : "-1", "ToPort" : "-1", "CidrIp" : { "Ref": "VPCCIDR" }},
					{ "IpProtocol": "tcp", "FromPort": "443", "ToPort": "443","CidrIp": {"Fn::FindInMap": ["TenableMap", {"Ref": "AWS::Region"}, "scanner1"]}},
					{ "IpProtocol": "tcp", "FromPort": "443", "ToPort": "443","CidrIp": {"Fn::FindInMap": ["TenableMap", {"Ref": "AWS::Region"}, "scanner2"]}},
					{ "IpProtocol": "tcp", "FromPort": {"Fn::FindInMap": ["PortsMap",{"Ref":"Env"},"db"]}, "ToPort": {"Fn::FindInMap": ["PortsMap",{"Ref":"Env"},"db"]},"CidrIp": {"Fn::FindInMap": ["KoldkissMap", {"Ref": "Env"}, "server01"]} },
					{ "IpProtocol": "tcp", "FromPort": {"Fn::FindInMap": ["PortsMap",{"Ref":"Env"},"db"]}, "ToPort": {"Fn::FindInMap": ["PortsMap",{"Ref":"Env"},"db"]},"CidrIp": {"Fn::FindInMap": ["KoldkissMap", {"Ref": "Env"}, "server02"]} },
					{ "IpProtocol": "tcp", "FromPort": {"Fn::FindInMap": ["PortsMap",{"Ref":"Env"},"db"]}, "ToPort": {"Fn::FindInMap": ["PortsMap",{"Ref":"Env"},"db"]},"CidrIp": {"Fn::FindInMap": ["KoldkissMap", {"Ref": "Env"}, "server03"]} },
					{ "IpProtocol": "tcp", "FromPort": {"Fn::FindInMap": ["PortsMap",{"Ref":"Env"},"db"]}, "ToPort": {"Fn::FindInMap": ["PortsMap",{"Ref":"Env"},"db"]},"CidrIp": {"Fn::FindInMap": ["KoldkissMap", {"Ref": "Env"}, "server04"]} },
					{ "IpProtocol": "tcp", "FromPort": {"Fn::FindInMap": ["PortsMap",{"Ref":"Env"},"db"]}, "ToPort": {"Fn::FindInMap": ["PortsMap",{"Ref":"Env"},"db"]},"CidrIp": {"Fn::FindInMap": ["KoldkissMap", {"Ref": "Env"}, "server05"]} },
					{ "IpProtocol": "tcp", "FromPort": "22", "ToPort": "22","CidrIp": { "Ref": "LaureateOnPremCIDR" }}
				],
				"SecurityGroupEgress": [
					{ "IpProtocol": "-1","FromPort": "1", "ToPort": "65535", "CidrIp": { "Ref": "VPCCIDR"}},
					{ "IpProtocol": "-1","FromPort": "1", "ToPort": "65535", "CidrIp": { "Ref": "LaureateOnPremCIDR"}},
					{ "IpProtocol": "tcp", "FromPort": "443", "ToPort": "443","CidrIp": {"Fn::FindInMap": ["TenableMap", {"Ref": "AWS::Region"}, "scanner1"]}},
					{ "IpProtocol": "tcp", "FromPort": "443", "ToPort": "443","CidrIp": {"Fn::FindInMap": ["TenableMap", {"Ref": "AWS::Region"}, "scanner2"]}},
					{ "IpProtocol": "tcp", "FromPort": "443", "ToPort": "443","DestinationPrefixListId": {"Fn::FindInMap": ["S3PrefixListIdMap", {"Ref": "AWS::Region"}, "PLI"]}}
				]
			}
		},
		"Odsdbsg01Inbound01": {
			"Type": "AWS::EC2::SecurityGroupIngress",
			"Properties": {
				"IpProtocol": "tcp",
				"FromPort": {"Fn::FindInMap": ["PortsMap",{"Ref":"Env"},"db"]},
				"ToPort": {"Fn::FindInMap": ["PortsMap",{"Ref":"Env"},"db"]},
				"SourceSecurityGroupId": {
					"Fn::GetAtt": [
						"Odsappsg01","GroupId"
					]
				},
        "GroupId": {
					"Fn::GetAtt": [
						"Odsdbsg01","GroupId"
					]
				}
			}
		},
		"Odsdbsg01Inbound02": {
			"Type": "AWS::EC2::SecurityGroupIngress",
			"Properties": {
				"IpProtocol": "tcp",
				"FromPort": {"Fn::FindInMap": ["PortsMap",{"Ref":"Env"},"db"]},
				"ToPort": {"Fn::FindInMap": ["PortsMap",{"Ref":"Env"},"db"]},
				"SourceSecurityGroupId": {
					"Fn::GetAtt": [
						"Dbsg01","GroupId"
					]
				},
				"GroupId": {
					"Fn::GetAtt": [
						"Odsdbsg01","GroupId"
					]
				}
			}
		},
		"Odsdbsg01Inbound03": {
			"Type": "AWS::EC2::SecurityGroupIngress",
			"Properties": {
				"IpProtocol": "tcp",
				"FromPort": {"Fn::FindInMap": ["PortsMap",{"Ref":"Env"},"db"]},
				"ToPort": {"Fn::FindInMap": ["PortsMap",{"Ref":"Env"},"db"]},
				"SourceSecurityGroupId": {
					"Fn::GetAtt": [
						"Workflowsg01","GroupId"
					]
				},
				"GroupId": {
					"Fn::GetAtt": [
						"Odsdbsg01","GroupId"
					]
				}
			}
		},
		"Odsdbsg01Inbound04": {
			"Type": "AWS::EC2::SecurityGroupIngress",
			"Condition" : "devsbCondition",
			"Properties": {"IpProtocol": "-1", "FromPort": "1", "ToPort": "65535", "CidrIp": {"Fn::FindInMap": ["DevSandboxSGMap", {"Ref": "Env"}, "crossDevSandboxCidr"]}, "GroupId": {"Fn::GetAtt": ["Odsdbsg01","GroupId"]}}
		},
		"Odsdbsg01Inbound05": {
			"Type": "AWS::EC2::SecurityGroupIngress",
			"Condition" : "devsbCondition",
			"Properties": {"IpProtocol": "tcp", "FromPort": "8400", "ToPort": "8403", "CidrIp": {"Fn::FindInMap": ["BackupServerMap", {"Ref": "Env"}, "server01"]}, "GroupId": {"Fn::GetAtt": ["Odsdbsg01","GroupId"]}}
		},
		"Odsdbsg01Inbound06": {
			"Type": "AWS::EC2::SecurityGroupIngress",
			"Condition" : "devsbCondition",
			"Properties": {"IpProtocol": "tcp", "FromPort": "8600", "ToPort": "8620", "CidrIp": {"Fn::FindInMap": ["BackupServerMap", {"Ref": "Env"}, "server01"]}, "GroupId": {"Fn::GetAtt": ["Odsdbsg01","GroupId"]}}
		},


		"Dbsg01": {
			"Type": "AWS::EC2::SecurityGroup",
			"Condition" : "allCondition",
			"Properties": {
				"GroupDescription": "Banner DB Security Group",
				"VpcId": {
					"Ref": "VPC"
				},
				"Tags": [{
					"Key":"Name",
					"Value": {"Fn::Join": ["", ["a", {"Ref": "AccountId"},{"Fn::FindInMap": ["RegionCodeMap", {"Ref": "AWS::Region"}, "RegionCode"]}, {"Ref": "Env"},"-sg-",{ "Ref": "UniversityIslandName" },"db","01"]]}
					}
				],
				"SecurityGroupIngress": [
					{ "IpProtocol": "tcp", "FromPort": "22", "ToPort": "22","CidrIp": { "Ref": "VPCCIDR" }},
					{ "IpProtocol": "-1","FromPort": "1", "ToPort": "65535", "CidrIp": { "Ref": "LaureateOnPremCIDR"}},
					{ "IpProtocol" : "icmp", "FromPort" : "-1", "ToPort" : "-1", "CidrIp" : "10.12.16.0/23" },
					{ "IpProtocol" : "icmp", "FromPort" : "-1", "ToPort" : "-1", "CidrIp" : "10.12.52.0/24" },
					{ "IpProtocol" : "icmp", "FromPort" : "-1", "ToPort" : "-1", "CidrIp" : { "Ref": "VPCCIDR" }},
					{ "IpProtocol": "tcp", "FromPort": "443", "ToPort": "443","CidrIp": "52.219.62.0/23" },
					{ "IpProtocol": "tcp", "FromPort": "443", "ToPort": "443","CidrIp": "52.219.64.0/22" },
					{ "IpProtocol": "tcp", "FromPort": "443", "ToPort": "443","CidrIp": "52.92.248.0/22" },
					{ "IpProtocol": "tcp", "FromPort": {"Fn::FindInMap": ["PortsMap",{"Ref":"Env"},"db"]}, "ToPort": {"Fn::FindInMap": ["PortsMap",{"Ref":"Env"},"db"]},"CidrIp": {"Fn::FindInMap": ["KoldkissMap", {"Ref": "Env"}, "server01"]} },
					{ "IpProtocol": "tcp", "FromPort": {"Fn::FindInMap": ["PortsMap",{"Ref":"Env"},"db"]}, "ToPort": {"Fn::FindInMap": ["PortsMap",{"Ref":"Env"},"db"]},"CidrIp": {"Fn::FindInMap": ["KoldkissMap", {"Ref": "Env"}, "server02"]} },
					{ "IpProtocol": "tcp", "FromPort": {"Fn::FindInMap": ["PortsMap",{"Ref":"Env"},"db"]}, "ToPort": {"Fn::FindInMap": ["PortsMap",{"Ref":"Env"},"db"]},"CidrIp": {"Fn::FindInMap": ["KoldkissMap", {"Ref": "Env"}, "server03"]} },
					{ "IpProtocol": "tcp", "FromPort": {"Fn::FindInMap": ["PortsMap",{"Ref":"Env"},"db"]}, "ToPort": {"Fn::FindInMap": ["PortsMap",{"Ref":"Env"},"db"]},"CidrIp": {"Fn::FindInMap": ["KoldkissMap", {"Ref": "Env"}, "server04"]} },
					{ "IpProtocol": "tcp", "FromPort": {"Fn::FindInMap": ["PortsMap",{"Ref":"Env"},"db"]}, "ToPort": {"Fn::FindInMap": ["PortsMap",{"Ref":"Env"},"db"]},"CidrIp": {"Fn::FindInMap": ["KoldkissMap", {"Ref": "Env"}, "server05"]} },
					{ "IpProtocol": "tcp", "FromPort": "22", "ToPort": "22","CidrIp": { "Ref": "LaureateOnPremCIDR" }}
				],
				"SecurityGroupEgress": [
					{ "IpProtocol": "-1","FromPort": "1", "ToPort": "65535", "CidrIp": { "Ref": "VPCCIDR"}},
					{ "IpProtocol": "-1","FromPort": "1", "ToPort": "65535", "CidrIp": { "Ref": "LaureateOnPremCIDR"}},
					{ "IpProtocol": "-1","FromPort": "1", "ToPort": "65535", "CidrIp": "0.0.0.0/0"},
					{ "IpProtocol": "tcp", "FromPort": "443", "ToPort": "443","DestinationPrefixListId": {"Fn::FindInMap": ["S3PrefixListIdMap", {"Ref": "AWS::Region"}, "PLI"]}}
				]
			}
		},
		"Dbsg01Inbound01": {
			"Type": "AWS::EC2::SecurityGroupIngress",
			"Properties": {
				"IpProtocol": "tcp",
				"FromPort": {"Fn::FindInMap": ["PortsMap",{"Ref":"Env"},"db"]},
				"ToPort": {"Fn::FindInMap": ["PortsMap",{"Ref":"Env"},"db"]},
				"SourceSecurityGroupId": {
					"Fn::GetAtt": [
						"Jobsubsg01","GroupId"
					]
				},
        "GroupId": {
					"Fn::GetAtt": [
						"Dbsg01","GroupId"
					]
				}
			}
		},

		"Dbsg01Inbound03": {
			"Type": "AWS::EC2::SecurityGroupIngress",
			"Properties": {
				"IpProtocol": "tcp",
				"FromPort": {"Fn::FindInMap": ["PortsMap",{"Ref":"Env"},"db"]},
				"ToPort": {"Fn::FindInMap": ["PortsMap",{"Ref":"Env"},"db"]},
				"SourceSecurityGroupId": {
					"Fn::GetAtt": [
						"Workflowsg01","GroupId"
					]
				},
				"GroupId": {
					"Fn::GetAtt": [
						"Dbsg01","GroupId"
					]
				}
			}
		},
		"Dbsg01Inbound04": {
			"Type": "AWS::EC2::SecurityGroupIngress",
			"Properties": {
				"IpProtocol": "tcp",
				"FromPort": {"Fn::FindInMap": ["PortsMap",{"Ref":"Env"},"db"]},
				"ToPort": {"Fn::FindInMap": ["PortsMap",{"Ref":"Env"},"db"]},
				"SourceSecurityGroupId": {
					"Fn::GetAtt": [
						"Ssb8sg01","GroupId"
					]
				},
        "GroupId": {
					"Fn::GetAtt": [
						"Dbsg01","GroupId"
					]
				}
			}
		},
		"Dbsg01Inbound05": {
			"Type": "AWS::EC2::SecurityGroupIngress",
			"Properties": {
				"IpProtocol": "tcp",
				"FromPort": {"Fn::FindInMap": ["PortsMap",{"Ref":"Env"},"db"]},
				"ToPort": {"Fn::FindInMap": ["PortsMap",{"Ref":"Env"},"db"]},
				"SourceSecurityGroupId": {
					"Fn::GetAtt": [
						"Ssb9sg01","GroupId"
					]
				},
				"GroupId": {
					"Fn::GetAtt": [
						"Dbsg01","GroupId"
					]
				}
			}
		},
		"Dbsg01Inbound06": {
			"Type": "AWS::EC2::SecurityGroupIngress",
			"Properties": {
				"IpProtocol": "tcp",
				"FromPort": {"Fn::FindInMap": ["PortsMap",{"Ref":"Env"},"db"]},
				"ToPort": {"Fn::FindInMap": ["PortsMap",{"Ref":"Env"},"db"]},
				"SourceSecurityGroupId": {
					"Fn::GetAtt": [
						"Cleanaddrsg01","GroupId"
					]
				},
				"GroupId": {
					"Fn::GetAtt": [
						"Dbsg01","GroupId"
					]
				}
			}
		},
		"Dbsg01Inbound07": {
			"Type": "AWS::EC2::SecurityGroupIngress",
			"Properties": {
				"IpProtocol": "tcp",
				"FromPort": {"Fn::FindInMap": ["PortsMap",{"Ref":"Env"},"db"]},
				"ToPort": {"Fn::FindInMap": ["PortsMap",{"Ref":"Env"},"db"]},
				"SourceSecurityGroupId": {
					"Fn::GetAtt": [
						"Odsappsg01","GroupId"
					]
				},
        "GroupId": {
					"Fn::GetAtt": [
						"Dbsg01","GroupId"
					]
				}
			}
		},
		"Dbsg01Inbound08": {
			"Type": "AWS::EC2::SecurityGroupIngress",
			"Properties": {
				"IpProtocol": "tcp",
				"FromPort": {"Fn::FindInMap": ["PortsMap",{"Ref":"Env"},"db"]},
				"ToPort": {"Fn::FindInMap": ["PortsMap",{"Ref":"Env"},"db"]},
				"SourceSecurityGroupId": {
					"Fn::GetAtt": [
						"Esmsg01","GroupId"
					]
				},
				"GroupId": {
					"Fn::GetAtt": [
						"Dbsg01","GroupId"
					]
				}
			}
		},
		"Dbsg01Inbound09": {
			"Type": "AWS::EC2::SecurityGroupIngress",
			"Properties": {
				"IpProtocol": "tcp",
				"FromPort": {"Fn::FindInMap": ["PortsMap",{"Ref":"Env"},"db"]},
				"ToPort": {"Fn::FindInMap": ["PortsMap",{"Ref":"Env"},"db"]},
				"SourceSecurityGroupId": {
					"Fn::GetAtt": [
						"Eissg01","GroupId"
					]
				},
				"GroupId": {
					"Fn::GetAtt": [
						"Dbsg01","GroupId"
					]
				}
			}
		},
		"Dbsg01Inbound10": {
			"Type": "AWS::EC2::SecurityGroupIngress",
			"Properties": {
				"IpProtocol": "tcp",
				"FromPort": {"Fn::FindInMap": ["PortsMap",{"Ref":"Env"},"db"]},
				"ToPort": {"Fn::FindInMap": ["PortsMap",{"Ref":"Env"},"db"]},
				"SourceSecurityGroupId": {
					"Fn::GetAtt": [
						"Beissg01","GroupId"
					]
				},
        "GroupId": {
					"Fn::GetAtt": [
						"Dbsg01","GroupId"
					]
				}
			}
		},
		"Dbsg01Inbound11": {
			"Type": "AWS::EC2::SecurityGroupIngress",
			"Condition" : "sbqaCondition",
			"Properties": {
				"IpProtocol": "tcp",
				"FromPort": {"Fn::FindInMap": ["PortsMap",{"Ref":"Env"},"db"]},
				"ToPort": {"Fn::FindInMap": ["PortsMap",{"Ref":"Env"},"db"]},
				"SourceSecurityGroupId": {
					"Fn::GetAtt": [
						"Bepsg01","GroupId"
					]
				},
				"GroupId": {
					"Fn::GetAtt": [
						"Dbsg01","GroupId"
					]
				}
			}
		},
		"Dbsg01Inbound12": {
			"Type": "AWS::EC2::SecurityGroupIngress",
			"Properties": {
				"IpProtocol": "tcp",
				"FromPort": "25",
				"ToPort": "25",
			  "CidrIp" : {"Fn::FindInMap": ["SMTPAddressdMap", {"Ref": "AWS::Region"}, "smtpip"]},
				"GroupId": {
					"Fn::GetAtt": [
						"Dbsg01","GroupId"
					]
				}
			}
		},
		"Dbsg01Inbound13": {
			"Type": "AWS::EC2::SecurityGroupIngress",
			"Condition" : "devsbCondition",
			"Properties": {"IpProtocol": "-1", "FromPort": "1", "ToPort": "65535", "CidrIp": {"Fn::FindInMap": ["DevSandboxSGMap", {"Ref": "Env"}, "crossDevSandboxCidr"]}, "GroupId": {"Fn::GetAtt": ["Dbsg01","GroupId"]}}
		},
		"Dbsg01Inbound14": {
			"Type": "AWS::EC2::SecurityGroupIngress",
			"Condition" : "devsbCondition",
			"Properties": {"IpProtocol": "tcp", "FromPort": "8400", "ToPort": "8403", "CidrIp": {"Fn::FindInMap": ["BackupServerMap", {"Ref": "Env"}, "server01"]}, "GroupId": {"Fn::GetAtt": ["Dbsg01","GroupId"]}}
		},
		"Dbsg01Inbound15": {
			"Type": "AWS::EC2::SecurityGroupIngress",
			"Condition" : "devsbCondition",
			"Properties": {"IpProtocol": "tcp", "FromPort": "8600", "ToPort": "8620", "CidrIp": {"Fn::FindInMap": ["BackupServerMap", {"Ref": "Env"}, "server01"]}, "GroupId": {"Fn::GetAtt": ["Dbsg01","GroupId"]}}
		},

		"albBepsg01": {
			"Type": "AWS::EC2::SecurityGroup",
			"Condition" : "sbqaCondition",
			"Properties": {
				"GroupDescription": "BEP ALB Security Group",
				"VpcId": {
					"Ref": "VPC"
				},
				"Tags": [{
					"Key": "Name",
					"Value": {"Fn::Join": ["", ["a", {"Ref": "AccountId"},{"Fn::FindInMap": ["RegionCodeMap", {"Ref": "AWS::Region"}, "RegionCode"]}, {"Ref": "Env"},"-sg-",{ "Ref": "UniversityIslandName" },"alb-","bep","01"]]}
					}],
				"SecurityGroupIngress": [
					{ "IpProtocol": "tcp","FromPort": "443", "ToPort": "443", "CidrIp": "0.0.0.0/0"}
				],
				"SecurityGroupEgress": [
					{ "IpProtocol": "tcp", "FromPort": {"Fn::FindInMap": ["PortsMap", {"Ref": "Env"}, "bep"]}, "ToPort": {"Fn::FindInMap": ["PortsMap", {"Ref": "Env"}, "bep"]},"SourceSecurityGroupId": {"Ref": "Bepsg01"}}
				]
			}
		},
		"albSsbsg01": {
			"Type": "AWS::EC2::SecurityGroup",
			"Condition" : "allCondition",
			"Properties": {
				"GroupDescription": "SSB ALB Security Group",
				"VpcId": {
					"Ref": "VPC"
				},
				"Tags": [{
					"Key": "Name",
					"Value": {"Fn::Join": ["", ["a", {"Ref": "AccountId"},{"Fn::FindInMap": ["RegionCodeMap", {"Ref": "AWS::Region"}, "RegionCode"]}, {"Ref": "Env"},"-sg-",{ "Ref": "UniversityIslandName" },"alb-","ssb","01"]]}
					}],
				"SecurityGroupIngress": [
					{ "IpProtocol": "tcp", "FromPort": "443", "ToPort": "443","CidrIp": {"Ref": "LaureateOnPremCIDR"}},
					{ "IpProtocol": "tcp","FromPort": "443", "ToPort": "443", "CidrIp": "0.0.0.0/0"}
				],
				"SecurityGroupEgress": [
					{ "IpProtocol": "tcp", "FromPort": {"Fn::FindInMap": ["PortsMap",{"Ref":"Env"},"ssb8"]}, "ToPort": {"Fn::FindInMap": ["PortsMap",{"Ref":"Env"},"ssb8"]},"SourceSecurityGroupId": {"Ref": "Ssb8sg01"}}
				]
			}
		},
		"albWorkflowsg01": {
			"Type": "AWS::EC2::SecurityGroup",
			"Properties": {
				"GroupDescription": "Workflow ALB Security Group",
				"VpcId": {
					"Ref": "VPC"
				},
				"Tags": [{
					"Key": "Name",
					"Value": {"Fn::Join": ["", ["a", {"Ref": "AccountId"},{"Fn::FindInMap": ["RegionCodeMap", {"Ref": "AWS::Region"}, "RegionCode"]}, {"Ref": "Env"},"-sg-",{ "Ref": "UniversityIslandName" },"alb-","wfw","01"]]}
					}],
				"SecurityGroupIngress": [
					{ "IpProtocol": "tcp", "FromPort": "443", "ToPort": "443","CidrIp": {"Ref": "LaureateOnPremCIDR"}},
					{ "IpProtocol": "-1","FromPort": "1", "ToPort": "65535", "CidrIp": "0.0.0.0/0"}
				],
				"SecurityGroupEgress": [
					{ "IpProtocol": "-1","FromPort": "1", "ToPort": "65535", "CidrIp": "0.0.0.0/0"}
				]
			}
		},
		"albWorkflowTsg01": {
			"Type": "AWS::EC2::SecurityGroup",
			"Condition" : "allCondition",
			"Properties": {
				"GroupDescription": "Workflow Tomcat ALB Security Group",
				"VpcId": {
					"Ref": "VPC"
				},
				"Tags": [{
					"Key": "Name",
					"Value": {"Fn::Join": ["", ["a", {"Ref": "AccountId"},{"Fn::FindInMap": ["RegionCodeMap", {"Ref": "AWS::Region"}, "RegionCode"]}, {"Ref": "Env"},"-sg-",{ "Ref": "UniversityIslandName" },"alb-","wfwt","01"]]}
					}],
				"SecurityGroupIngress": [
					{ "IpProtocol": "tcp", "FromPort": "443", "ToPort": "443","CidrIp": {"Ref": "LaureateOnPremCIDR"}}
				],
				"SecurityGroupEgress": [
					{ "IpProtocol": "tcp", "FromPort": {"Fn::FindInMap": ["PortsMap",{"Ref":"Env"},"wft"]}, "ToPort": {"Fn::FindInMap": ["PortsMap",{"Ref":"Env"},"wft"]},"SourceSecurityGroupId": {"Ref": "WorkflowTsg01"}}
				]
			}
		},
		"albBeissg01": {
			"Type": "AWS::EC2::SecurityGroup",
			"Condition" : "allCondition",
			"Properties": {
				"GroupDescription": "BEIS ALB Security Group",
				"VpcId": {
					"Ref": "VPC"
				},
				"Tags": [{
					"Key": "Name",
					"Value": {"Fn::Join": ["", ["a", {"Ref": "AccountId"},{"Fn::FindInMap": ["RegionCodeMap", {"Ref": "AWS::Region"}, "RegionCode"]}, {"Ref": "Env"},"-sg-",{ "Ref": "UniversityIslandName" },"alb-","beis","01"]]}
					}],
				"SecurityGroupIngress": [
					{ "IpProtocol": "tcp", "FromPort": "443", "ToPort": "443","CidrIp": {"Ref": "LaureateOnPremCIDR"}},
					{ "IpProtocol": "tcp","FromPort": "443", "ToPort": "443", "CidrIp": "0.0.0.0/0"}
				],
				"SecurityGroupEgress": [
					{ "IpProtocol": "tcp", "FromPort": {"Fn::FindInMap": ["PortsMap",{"Ref":"Env"},"beis"]}, "ToPort": {"Fn::FindInMap": ["PortsMap",{"Ref":"Env"},"beis"]},"SourceSecurityGroupId": {"Ref": "Beissg01"}}
				]
			}
		},
		"albEissg01": {
			"Type": "AWS::EC2::SecurityGroup",
			"Condition" : "allCondition",
			"Properties": {
				"GroupDescription": "EIS ALB Security Group",
				"VpcId": {
					"Ref": "VPC"
				},
				"Tags": [{
					"Key": "Name",
					"Value": {"Fn::Join": ["", ["a", {"Ref": "AccountId"},{"Fn::FindInMap": ["RegionCodeMap", {"Ref": "AWS::Region"}, "RegionCode"]}, {"Ref": "Env"},"-sg-",{ "Ref": "UniversityIslandName" },"alb-","eis","01"]]}
					}],
				"SecurityGroupIngress": [
					{ "IpProtocol": "tcp", "FromPort": "443", "ToPort": "443","CidrIp": {"Ref": "LaureateOnPremCIDR"}},
					{ "IpProtocol": "tcp","FromPort": "443", "ToPort": "443", "CidrIp": "0.0.0.0/0"}
				],
				"SecurityGroupEgress": [
					{ "IpProtocol": "tcp", "FromPort": {"Fn::FindInMap": ["PortsMap",{"Ref":"Env"},"eis"]}, "ToPort": {"Fn::FindInMap": ["PortsMap",{"Ref":"Env"},"eis"]},"SourceSecurityGroupId": {"Ref": "Eissg01"}}
				]
			}
		},
		"albBa9sg01": {
			"Type": "AWS::EC2::SecurityGroup",
			"Condition" : "allCondition",
			"Properties": {
				"GroupDescription": "Banner Admin 9 ALB Security Group",
				"VpcId": {
					"Ref": "VPC"
				},
				"Tags": [{
					"Key": "Name",
					"Value": {"Fn::Join": ["", ["a", {"Ref": "AccountId"},{"Fn::FindInMap": ["RegionCodeMap", {"Ref": "AWS::Region"}, "RegionCode"]}, {"Ref": "Env"},"-sg-",{ "Ref": "UniversityIslandName" },"alb-","ba9","01"]]}
					}],
				"SecurityGroupIngress": [
					{ "IpProtocol": "tcp", "FromPort": "443", "ToPort": "443","CidrIp": {"Ref": "LaureateOnPremCIDR"}},
					{ "IpProtocol": "tcp","FromPort": "443", "ToPort": "443", "CidrIp": "0.0.0.0/0"}
				],
				"SecurityGroupEgress": [
					{ "IpProtocol": "tcp", "FromPort": {"Fn::FindInMap": ["PortsMap",{"Ref":"Env"},"b9admin"]}, "ToPort": {"Fn::FindInMap": ["PortsMap",{"Ref":"Env"},"b9admin"]},"SourceSecurityGroupId": {"Ref": "Ba9sg01"}},
					{ "IpProtocol": "tcp", "FromPort": {"Fn::FindInMap": ["PortsMap",{"Ref":"Env"},"appnav"]}, "ToPort": {"Fn::FindInMap": ["PortsMap",{"Ref":"Env"},"appnav"]},"SourceSecurityGroupId": {"Ref": "Ba9sg01"}},
					{ "IpProtocol": "tcp", "FromPort": "8443", "ToPort": "8443","SourceSecurityGroupId": {"Ref": "Ba9sg01"}}
				]
			}
		},
		"albEmssg01": {
			"Type": "AWS::EC2::SecurityGroup",
			"Condition" : "allCondition",
			"Properties": {
				"GroupDescription": "EMS ALB Security Group",
				"VpcId": {
					"Ref": "VPC"
				},
				"Tags": [{
					"Key": "Name",
					"Value": {"Fn::Join": ["", ["a", {"Ref": "AccountId"},{"Fn::FindInMap": ["RegionCodeMap", {"Ref": "AWS::Region"}, "RegionCode"]}, {"Ref": "Env"},"-sg-",{ "Ref": "UniversityIslandName" },"alb-","ems","01"]]}
					}],
				"SecurityGroupIngress": [
					{ "IpProtocol": "tcp","FromPort": "443", "ToPort": "443", "CidrIp": "0.0.0.0/0"}
				],
				"SecurityGroupEgress": [
					{ "IpProtocol": "tcp", "FromPort": {"Fn::FindInMap": ["PortsMap", {"Ref": "Env"}, "emsRabbitmq"]}, "ToPort": {"Fn::FindInMap": ["PortsMap", {"Ref": "Env"}, "emsRabbitmq"]},"SourceSecurityGroupId": {"Ref": "Emssg01"}}
				]
			}
		},
		"albDwcsg01": {
			"Type": "AWS::EC2::SecurityGroup",
			"Condition": "sbCondition",
			"Properties": {
				"GroupDescription": "DegreeWorks Classic ALB Security Group",
				"VpcId": {"Ref": "VPC"},
				"Tags": [{
					"Key": "Name",
					"Value": {"Fn::Join": ["", ["a", {"Ref": "AccountId"},{"Fn::FindInMap": ["RegionCodeMap", {"Ref": "AWS::Region"}, "RegionCode"]}, {"Ref": "Env"},"-sg-",{ "Ref": "UniversityIslandName" },"alb-","dwc","01"]]}
					}],
				"SecurityGroupIngress": [
					{ "IpProtocol": "tcp", "FromPort": "443", "ToPort": "443","CidrIp": {"Ref": "LaureateOnPremCIDR"}}
				],
				"SecurityGroupEgress": [
					{ "IpProtocol": "tcp", "FromPort": {"Fn::FindInMap": ["PortsMap", {"Ref": "Env"}, "dwWeb"]}, "ToPort": {"Fn::FindInMap": ["PortsMap", {"Ref": "Env"}, "dwWeb"]},"SourceSecurityGroupId": {"Ref": "Dwcsg01"}}
				]
			}
		},
		"albDwasg01": {
			"Type": "AWS::EC2::SecurityGroup",
			"Condition": "sbCondition",
			"Properties": {
				"GroupDescription": "DegreeWorks Application ALB Security Group",
				"VpcId": {
					"Ref": "VPC"
				},
				"Tags": [{
					"Key": "Name",
					"Value": {"Fn::Join": ["", ["a", {"Ref": "AccountId"},{"Fn::FindInMap": ["RegionCodeMap", {"Ref": "AWS::Region"}, "RegionCode"]}, {"Ref": "Env"},"-sg-",{ "Ref": "UniversityIslandName" },"alb-","dwa","01"]]}
					}],
				"SecurityGroupIngress": [
					{ "IpProtocol": "tcp", "FromPort": "443", "ToPort": "443","CidrIp": {"Ref": "LaureateOnPremCIDR"}}
				],
				"SecurityGroupEgress": [
					{ "IpProtocol": "tcp", "FromPort": {"Fn::FindInMap": ["PortsMap", {"Ref": "Env"}, "dwDashboard"]}, "ToPort": {"Fn::FindInMap": ["PortsMap", {"Ref": "Env"}, "dwDashboard"]},"SourceSecurityGroupId": {"Ref": "Dwasg01"}},
					{ "IpProtocol": "tcp", "FromPort": {"Fn::FindInMap": ["PortsMap", {"Ref": "Env"}, "dwGateway"]}, "ToPort": {"Fn::FindInMap": ["PortsMap", {"Ref": "Env"}, "dwGateway"]},"SourceSecurityGroupId": {"Ref": "Dwasg01"}},
					{ "IpProtocol": "tcp", "FromPort": {"Fn::FindInMap": ["PortsMap", {"Ref": "Env"}, "dwRespDashboard"]}, "ToPort": {"Fn::FindInMap": ["PortsMap", {"Ref": "Env"}, "dwRespDashboard"]},"SourceSecurityGroupId": {"Ref": "Dwasg01"}},
					{ "IpProtocol": "tcp", "FromPort": {"Fn::FindInMap": ["PortsMap", {"Ref": "Env"}, "dwTransferEquivalency"]}, "ToPort": {"Fn::FindInMap": ["PortsMap", {"Ref": "Env"}, "dwTransferEquivalency"]},"SourceSecurityGroupId": {"Ref": "Dwasg01"}}
				]
			}
		},
		"albDwasg02": {
			"Type": "AWS::EC2::SecurityGroup",
			"Condition": "sbCondition",
			"Properties": {
				"GroupDescription": "DegreeWorks Application Admin ALB Security Group",
				"VpcId": {
					"Ref": "VPC"
				},
				"Tags": [{
					"Key": "Name",
					"Value": {"Fn::Join": ["", ["a", {"Ref": "AccountId"},{"Fn::FindInMap": ["RegionCodeMap", {"Ref": "AWS::Region"}, "RegionCode"]}, {"Ref": "Env"},"-sg-",{ "Ref": "UniversityIslandName" },"alb-","dwa","01"]]}
					}],
				"SecurityGroupIngress": [
					{ "IpProtocol": "tcp", "FromPort": "443", "ToPort": "443","CidrIp": {"Ref": "LaureateOnPremCIDR"}}
				],
				"SecurityGroupEgress": [
					{ "IpProtocol": "tcp", "FromPort": {"Fn::FindInMap": ["PortsMap", {"Ref": "Env"}, "dwScribeUI"]}, "ToPort": {"Fn::FindInMap": ["PortsMap", {"Ref": "Env"}, "dwScribeUI"]},"SourceSecurityGroupId": {"Ref": "Dwasg01"}}
				]
			}
		}
	},

	"Outputs": {
		"Ssb9sg01ID": {
			"Description": "Ssb9sg01 security id",
			"Value": { "Fn::GetAtt" : [ "Ssb9sg01", "GroupId" ] },
			"Export": {
				"Name": {
					"Fn::Sub": "${AWS::StackName}-Ssb9sg01ID"
				}
			}
		},
		"Odsappsg01ID": {
			"Description": "Odsappsg01 security id",
			"Value": { "Fn::GetAtt" : [ "Odsappsg01", "GroupId" ] },
			"Export": {
				"Name": {
					"Fn::Sub": "${AWS::StackName}-Odsappsg01ID"
				}
			}
		},
		"Cleanaddrsg01ID": {
			"Description": "Cleanaddrsg01 security id",
			"Value": { "Fn::GetAtt" : [ "Cleanaddrsg01", "GroupId" ] },
			"Export": {
				"Name": {
					"Fn::Sub": "${AWS::StackName}-Cleanaddrsg01ID"
				}
			}
		},
		"Emssg01ID": {
			"Description": "Emssg01 security id",
			"Value": { "Fn::GetAtt" : [ "Emssg01", "GroupId" ] },
			"Export": {
				"Name": {
					"Fn::Sub": "${AWS::StackName}-Emssg01ID"
				}
			}
		},
		"Oemsg01ID": {
			"Condition" : "prodCondition",
			"Description": "Oemsg01 security id",
			"Value": { "Fn::GetAtt" : [ "Oemsg01", "GroupId" ] },
			"Export": {
				"Name": {
					"Fn::Sub": "${AWS::StackName}-Oemsg01ID"
				}
			}
		},
		"Oemdbsg01ID": {
			"Condition" : "prodCondition",
			"Description": "Oemdbsg01 security id",
			"Value": { "Fn::GetAtt" : [ "Oemdbsg01", "GroupId" ] },
			"Export": {
				"Name": {
					"Fn::Sub": "${AWS::StackName}-Oemdbsg01ID"
				}
			}
		},
		"Bepsg01ID": {
			"Condition" : "sbqaCondition",
			"Description": "Bepsg01 security id",
			"Value": { "Fn::GetAtt" : [ "Bepsg01", "GroupId" ] },
			"Export": {
				"Name": {
					"Fn::Sub": "${AWS::StackName}-Bepsg01ID"
				}
			}
		},
		"Dwcsg01ID": {
			"Condition": "sbCondition",
			"Description": "Dwcsg01 security id",
			"Value": { "Fn::GetAtt" : [ "Dwcsg01", "GroupId" ] },
			"Export": {
				"Name": {
					"Fn::Sub": "${AWS::StackName}-Dwcsg01ID"
				}
			}
		},
		"Dwasg01ID": {
			"Condition": "sbCondition",
			"Description": "Dwasg01 security id",
			"Value": { "Fn::GetAtt" : [ "Dwasg01", "GroupId" ] },
			"Export": {
				"Name": {
					"Fn::Sub": "${AWS::StackName}-Dwasg01ID"
				}
			}
		},
		"Ba9sg01ID": {
			"Description": "Ba9sg01 security id",
			"Value": { "Fn::GetAtt" : [ "Ba9sg01", "GroupId" ] },
			"Export": {
				"Name": {
					"Fn::Sub": "${AWS::StackName}-Ba9sg01ID"
				}
			}
		},
		"Eissg01ID": {
			"Description": "Eissg01 security id",
			"Value": { "Fn::GetAtt" : [ "Eissg01", "GroupId" ] },
			"Export": {
				"Name": {
					"Fn::Sub": "${AWS::StackName}-Eissg01ID"
				}
			}
		},
		"Beissg01ID": {
			"Description": "Beissg01 security id",
			"Value": { "Fn::GetAtt" : [ "Beissg01", "GroupId" ] },
			"Export": {
				"Name": {
					"Fn::Sub": "${AWS::StackName}-Beissg01ID"
				}
			}
		},
		"Ssb8sg01ID": {
			"Description": "Ssb8sg01 security id",
			"Value": { "Fn::GetAtt" : [ "Ssb8sg01", "GroupId" ] },
			"Export": {
				"Name": {
					"Fn::Sub": "${AWS::StackName}-Ssb8sg01ID"
				}
			}
		},
		"Jobsubsg01ID": {
			"Description": "Jobsubsg01 security id",
			"Value": { "Fn::GetAtt" : [ "Jobsubsg01", "GroupId" ] },
			"Export": {
				"Name": {
					"Fn::Sub": "${AWS::StackName}-Jobsubsg01ID"
				}
			}
		},
		"Workflowsg01ID": {
			"Description": "Workflowsg01 security id",
			"Value": { "Fn::GetAtt" : [ "Workflowsg01", "GroupId" ] },
			"Export": {
				"Name": {
					"Fn::Sub": "${AWS::StackName}-Workflowsg01ID"
				}
			}
		},
		"WorkflowTsg01ID": {
			"Description": "WorkflowTsg01 security id",
			"Value": { "Fn::GetAtt" : [ "WorkflowTsg01", "GroupId" ] },
			"Export": {
				"Name": {
					"Fn::Sub": "${AWS::StackName}-WorkflowTsg01ID"
				}
			}
		},
		"Esmsg01ID": {
			"Description": "Esmsg01 security id",
			"Value": { "Fn::GetAtt" : [ "Esmsg01", "GroupId" ] },
			"Export": {
				"Name": {
					"Fn::Sub": "${AWS::StackName}-Esmsg01ID"
				}
			}
		},
		"Odsdbsg01ID": {
			"Description": "Odsdbsg01 security id",
			"Value": { "Fn::GetAtt" : [ "Odsdbsg01", "GroupId" ] },
			"Export": {
				"Name": {
					"Fn::Sub": "${AWS::StackName}-Odsdbsg01ID"
				}
			}
		},
		"Dbsg01ID": {
			"Description": "Dbsg01 security id",
			"Value": { "Fn::GetAtt" : [ "Dbsg01", "GroupId" ] },
			"Export": {
				"Name": {
					"Fn::Sub": "${AWS::StackName}-Dbsg01ID"
				}
			}
		},
		"albBepsg01ID": {
			"Condition" : "sbqaCondition",
			"Description": "albBepsg01 security id",
			"Value": { "Fn::GetAtt" : [ "albBepsg01", "GroupId" ] },
			"Export": {
				"Name": {
					"Fn::Sub": "${AWS::StackName}-albBepsg01ID"
				}
			}
		},
		"albSsbsg01ID": {
			"Description": "albSsbsg01 security id",
			"Value": { "Fn::GetAtt" : [ "albSsbsg01", "GroupId" ] },
			"Export": {
				"Name": {
					"Fn::Sub": "${AWS::StackName}-albSsbsg01ID"
				}
			}
		},
		"albWorkflowsg01ID": {
			"Description": "albWorkflowsg01 security id",
			"Value": { "Fn::GetAtt" : [ "albWorkflowsg01", "GroupId" ] },
			"Export": {
				"Name": {
					"Fn::Sub": "${AWS::StackName}-albWorkflowsg01ID"
				}
			}
		},
		"albWorkflowTsg01ID": {
			"Description": "albWorkflowTsg01 security id",
			"Value": { "Fn::GetAtt" : [ "albWorkflowTsg01", "GroupId" ] },
			"Export": {
				"Name": {
					"Fn::Sub": "${AWS::StackName}-albWorkflowTsg01ID"
				}
			}
		},
		"albBeissg01ID": {
			"Description": "albBeissg01 security id",
			"Value": { "Fn::GetAtt" : [ "albBeissg01", "GroupId" ] },
			"Export": {
				"Name": {
					"Fn::Sub": "${AWS::StackName}-albBeissg01ID"
				}
			}
		},
		"albEissg01ID": {
			"Description": "albEissg01 security id",
			"Value": { "Fn::GetAtt" : [ "albEissg01", "GroupId" ] },
			"Export": {
				"Name": {
					"Fn::Sub": "${AWS::StackName}-albEissg01ID"
				}
			}
		},
		"albBa9sg01ID": {
			"Description": "albBa9sg01 security id",
			"Value": { "Fn::GetAtt" : [ "albBa9sg01", "GroupId" ] },
			"Export": {
				"Name": {
					"Fn::Sub": "${AWS::StackName}-albBa9sg01ID"
				}
			}
		},
		"albEmssg01ID": {
			"Description": "albEmssg01 security id",
			"Value": { "Fn::GetAtt" : [ "albEmssg01", "GroupId" ] },
			"Export": {
				"Name": {
					"Fn::Sub": "${AWS::StackName}-albEmssg01ID"
				}
			}
		},
		"albDwcsg01ID": {
			"Condition": "sbCondition",
			"Description": "albDwcsg01 security id",
			"Value": { "Fn::GetAtt" : [ "albDwcsg01", "GroupId" ] },
			"Export": {
				"Name": {
					"Fn::Sub": "${AWS::StackName}-albDwcsg01ID"
				}
			}
		},
		"albDwasg01ID": {
			"Condition": "sbCondition",
			"Description": "albDwasg01 security id",
			"Value": { "Fn::GetAtt" : [ "albDwasg01", "GroupId" ] },
			"Export": {
				"Name": {
					"Fn::Sub": "${AWS::StackName}-albDwasg01ID"
				}
			}
		},
		"albDwasg02ID": {
			"Condition": "sbCondition",
			"Description": "albDwasg02 security id",
			"Value": { "Fn::GetAtt" : [ "albDwasg02", "GroupId" ] },
			"Export": {
				"Name": {
					"Fn::Sub": "${AWS::StackName}-albDwasg02ID"
				}
			}
		}
	}
}
