{
	"AWSTemplateFormatVersion": "2010-09-09",
	"Description": "create security group| Walden-Prod-NonProd-Zone-SG-v1.0.json",
	"Metadata": {
		"AWS::CloudFormation::Interface": {
			"ParameterGroups": [{
					"Label": {
						"default": "University, AccountId, Environment details"
					},
					"Parameters": [
						"UniversityIslandName",
						"AccountId",
						"Env"
					]
				},
				{
					"Label": {
						"default": "Laureate On-Prem CIDR"
					},
					"Parameters": [
						"LaureateOnPremCIDR"
					]
				},
				{
					"Label": {
						"default": "Network Configuration (BannerUSNonProd VPC details)"
					},
					"Parameters": [
						"VPC",
						"VPCCIDR",
						"PubSubnetDmzAZ1",
						"PubSubnetDmzAZ2",
						"PvtSubnetAppAZ1",
						"PvtSubnetAppAZ2",
						"PvtSubnetDataAZ1",
						"PvtSubnetDataAZ2",
						"PvtSubnetMgmtAZ1"
					]
				},
				{
					"Label": {
						"default": "ELB Informations"
					},
					"Parameters": [
						"ssbPort",
						"inbPort",
						"eisPort",
						"beisPort",
						"wfPort",
						"wftPort",
						"appnavPort",
						"b9adminPort",
						"extensibilityPort"
					]
				},
				  {
					"Label": {
						"default": "Miscellenous Information"
					},
					"Parameters": [
						"dbPort"
					]
				}
			],
			  "ParameterLabels": {
				"LaureateOnPremCIDR": {
					"default": "LaureateOnPrem VPC CIDR"
				},
				"VPC": {
					"default": "VPC id"
				},
				"VPCCIDR": {
					"default": "VPC CIDR"
				},
				"ssbPort": {
					"default": "SSB Port no."
				},
				"eisPort": {
					"default": "EIS Port no."
				},
				"inbPort": {
					"default": "INB Port no."
				},
				"beisPort": {
					"default": "SSO manager port no."
				},
				"wfPort": {
					"default": "Workflow(Weblogic) port no."
				},
				"wftPort": {
					"default": "Workflow(Tomcat) port no."
				},
				"appnavPort": {
					"default": "App Nav port no."
				},
				"b9adminPort": {
					"default": "Banner9 Admin port no."
				},
				"extensibilityPort": {
					"default": "Extensibility Port no."
				},
				"dbPort": {
					"default": "Database Server Port no."
				}
			}
	},
	"Parameters": {
		"AccountId": {
			"Description": "AccountId Code",
			"Type": "Number",
			"Default": "13"
		},
		"Env": {
			"AllowedValues": [
					"d",
					"q",
					"t",
					"s",
					"p",
					"n",
					"x",
					"none"
			],
			"Description": "Env (d=Dev,q=QA,t=Test,s=Stage,p=Prod,n=Non-Prod,x=Sandbox",
			"Type": "String"
		},
		"UniversityIslandName": {
			"Description": "University/Island Code",
			"Type": "String",
			"Default": "w"
		},
		"LaureateOnPremCIDR":{
			"Description": "Laureate OnPrem Network CIDR ",
			"Default": "172.16.0.0/12",
			"Type": "String"
		},
		"VPC": {
			"Description": "VPC id",
			"Type": "String"
		},
		"VPCCIDR": {
			"AllowedPattern": "^(([0-9]|[1-9][0-9]|1[0-9]{2}|2[0-4][0-9]|25[0-5])\\.){3}([0-9]|[1-9][0-9]|1[0-9]{2}|2[0-4][0-9]|25[0-5])(\\/(1[6-9]|2[0-8]))$",
			"ConstraintDescription": "CIDR block parameter must be in the form x.x.x.x/16-28",
			"Default": "10.137.4.0/22",
			"Description": "CIDR block of VPC",
			"Type": "String"
		},
		"inbPort": {
			"Description": "INB Port no.",
			"Type": "String",
			"Default": "8888"
		},
		"eisPort": {
			"Description": "EIS Port no.",
			"Type": "String",
			"Default": "9443"
		},
		"ssbPort": {
			"Description": "SSB Port no.",
			"Type": "String",
			"Default": "9001"
		},
		"beisPort": {
			"Description": "SSO Manager Port no.",
			"Type": "String",
			"Default": "8100"
		},
		"wfPort": {
			"Description": "Workflow Port no.",
			"Type": "String",
			"Default": "7003"
		},
		"wftPort": {
			"Description": "Workflow(Tomcat) port no.",
			"Type": "String",
			"Default": "8100"
		},
		"appnavPort": {
			"Description": "App Navigation Port no.",
			"Type": "String",
			"Default": "8100"
		},
		"extensibilityPort": {
			"Description": "Extensibility Port no.",
			"Type": "String",
			"Default": "8100"
		},
		"b9adminPort": {
			"Description": "Banner9Admin Port no.",
			"Type": "String",
			"Default": "8101"
		},
		"dbPort" : {
			"Description": "Database Server Port no.",
			"Type": "String",
			"Default": "1499"
		}
	},
	"Mappings": {
		"RegionCodeMap": {
			"us-east-1": { "RegionCode": "ue" },
			"us-west-2": { "RegionCode": "uw" }
		},
		"S3PrefixListIdMap": {
			"us-east-1": { "PLI": "pl-63a5400a" }
		},
		"SMTPAddressdMap": {
			"us-east-1": { "smtpip": "172.32.30.199/32" }
		},
		"TenableMap": {
			"us-east-1": { "scanner1": "54.175.125.192/26", "scanner2": "34.201.223.128/25" }
		},
		"PortsMap": {
			"x": {
				"ems": "5671",
				"emsRabbitmq": "15672",
				"bep": "9001",
				"dwDap": "7701",
				"dwWeb": "8801",
				"dwComposer": "9901",
				"dwGateway": "9902",
				"dwTransferEqSelfService": "9903",
				"dwRabbitmq": "5672",
				"dwShell":"8101",
				"dwScribeUI":"8101",
				"dwServices":"8101",
				"dwApplicantAPI":"8101",
				"dwTransitUI":"9905",
				"dwDashboard": "8100",
				"dwStudentPlanner":"8100",
				"dwRespDashboard": "9904",
				"dwTransferEquivalency":"9903"
			},
			"d": {
				"ems": "5671",
				"emsRabbitmq": "15672",
				"bep": "9001",
				"dwDap": "7701",
				"dwWeb": "8801",
				"dwComposer": "9901",
				"dwGateway": "9902",
				"dwTransferEqSelfService": "9903",
				"dwRabbitmq": "5672",
				"dwShell":"8101",
				"dwScribeUI":"8101",
				"dwServices":"8101",
				"dwApplicantAPI":"8101",
				"dwTransitUI":"9905",
				"dwDashboard": "8100",
				"dwStudentPlanner":"8100",
				"dwRespDashboard": "9904",
				"dwTransferEquivalency":"9903"
			},
			"q": {
				"ems": "5671",
				"emsRabbitmq": "15672",
				"bep": "9001",
				"dwDap": "7701",
				"dwWeb": "8801",
				"dwComposer": "9901",
				"dwGateway": "9902",
				"dwTransferEqSelfService": "9903",
				"dwRabbitmq": "5672",
				"dwShell":"8101",
				"dwScribeUI":"8101",
				"dwServices":"8101",
				"dwApplicantAPI":"8101",
				"dwTransitUI":"9905",
				"dwDashboard": "8100",
				"dwStudentPlanner":"8100",
				"dwRespDashboard": "9904",
				"dwTransferEquivalency":"9903"
			}

		},
		"KoldkissMap": {
			"p": { "server01": "172.32.1.36/32", "server02": "172.32.1.124/32", "server03": "172.32.1.125/32", "server04": "172.32.1.126/32", "server05": "172.32.1.127/32" },
			"q": { "server01": "172.32.1.36/32", "server02": "172.32.1.124/32", "server03": "172.32.1.125/32", "server04": "172.32.1.126/32", "server05": "172.32.1.127/32" },
			"d": { "server01": "172.32.1.36/32", "server02": "172.32.1.124/32", "server03": "172.32.1.125/32", "server04": "172.32.1.126/32", "server05": "172.32.1.127/32" },
			"x": { "server01": "172.32.1.36/32", "server02": "172.32.1.124/32", "server03": "172.32.1.125/32", "server04": "172.32.1.126/32", "server05": "172.32.1.127/32" }
		},
		"DevSandboxSGMap": {
			"x": { "crossDevSandboxCidr": "172.27.64.0/23" },
			"d": { "crossDevSandboxCidr": "172.27.68.0/23" }
		},
		"TagMap": {
			"p": {
				"EnvironmentClass": "Production"
			},
			"q": {
				"EnvironmentClass": "QA"
			},
			"d": {
				"EnvironmentClass": "Dev"
			},
			"x": {
				"EnvironmentClass": "Sandbox"
			},
			"common": {
				"Application": "Banner",
				"DataCompliance": "US-Legal Data-Company Records",
				"DataCriticality": "DataCriticality-Pending",
				"DataRentention": "DataRentention-Pending",
				"Department": "Department-Pending",
				"FinanceAllocation": "X409",
				"School": "Walden",
				"SharedSchool": "SharedSchool-Pending"
			}

		}
	},
	"Conditions": {
		"devCondition": {
			"Fn::Equals": [{
				"Ref": "Env"
			}, "d"]
		},
		"sbCondition": {
			"Fn::Equals": [{
				"Ref": "Env"
			}, "x"]
		},
		"qaCondition": {
			"Fn::Equals": [{
				"Ref": "Env"
			}, "q"]
		},
		"nonprodCondition": {
			"Fn::Equals": [{
				"Ref": "Env"
			}, "n"]
		},
		"dummyCondition": {
			"Fn::Equals": [{
					"Ref": "Env"
				},
				"dummy"
			]
		},
		"prodCondition": {
			"Fn::Equals": [{
				"Ref": "Env"
			}, "p"]
		},
		"devsbCondition": { "Fn::Or": [
			{"Condition": "devCondition"},
			{"Condition": "sbCondition"}
			]
		},
		"sbqaCondition": { "Fn::Or": [
			{"Condition": "sbCondition"},
			{"Condition": "qaCondition"}
			]
		},
		"devsbqaCondition": { "Fn::Or": [
			{"Condition": "devCondition"},
			{"Condition": "sbCondition"},
			{"Condition": "qaCondition"}
			]
		},
		"prodzoneCondition": { "Fn::Or": [
			{"Condition": "qaCondition"},
			{"Condition": "prodCondition"}
			]
		},
		"nonprodzoneCondition": { "Fn::Or": [
			{"Condition": "devCondition"},
			{"Condition": "sbCondition"}
			]
		},
		"exceptionalCondition": { "Fn::Or": [
			{"Condition": "prodCondition"},
			{"Condition": "sbCondition"},
			{"Condition": "devCondition"}
			]
		},
		"bannerDBCondition": { "Fn::Or": [
			{"Condition": "qaCondition"},
			{"Condition": "prodCondition"},
			{"Condition": "devCondition"}
			]
		},
		"odsDBCondition": { "Fn::Or": [
			{"Condition": "qaCondition"},
			{"Condition": "prodCondition"},
			{"Condition": "devCondition"}
			]
		},
		"allCondition": { "Fn::Or": [
			{"Condition": "qaCondition"},
			{"Condition": "nonprodCondition"},
			{"Condition": "prodCondition"},
			{"Condition": "devCondition"},
			{"Condition": "sbCondition"}
			]
		}
	},
	"Resources": {
		"Ssb9sg01": {
			"Type": "AWS::EC2::SecurityGroup",
			"Condition" : "allCondition",
			"Properties": {
				"GroupDescription": "SSB 9 Security Group",
				"VpcId": {
					"Ref": "VPC"
				},
				"Tags": [{
					"Key": "Name",
					"Value": {"Fn::Join": ["", ["a", {"Ref": "AccountId"},{"Fn::FindInMap": ["RegionCodeMap", {"Ref": "AWS::Region"}, "RegionCode"]}, {"Ref": "Env"},"-sg-",{ "Ref": "UniversityIslandName" },"ssb9","01"]]}
					}],
				"SecurityGroupIngress": [
					{ "IpProtocol": "tcp", "FromPort": "22", "ToPort": "22","CidrIp": { "Ref": "VPCCIDR" }},
					{ "IpProtocol": "-1","FromPort": "1", "ToPort": "65535", "CidrIp": { "Ref": "LaureateOnPremCIDR"}},
					{ "IpProtocol" : "icmp", "FromPort" : "-1", "ToPort" : "-1", "CidrIp" : "10.12.16.0/23" },
					{ "IpProtocol" : "icmp", "FromPort" : "-1", "ToPort" : "-1", "CidrIp" : "10.12.52.0/24" },
					{ "IpProtocol" : "icmp", "FromPort" : "-1", "ToPort" : "-1", "CidrIp" : { "Ref": "VPCCIDR" }},
					{ "IpProtocol": "tcp", "FromPort": "443", "ToPort": "443","CidrIp": {"Fn::FindInMap": ["TenableMap", {"Ref": "AWS::Region"}, "scanner1"]}},
					{ "IpProtocol": "tcp", "FromPort": "443", "ToPort": "443","CidrIp": {"Fn::FindInMap": ["TenableMap", {"Ref": "AWS::Region"}, "scanner2"]}},
					{ "IpProtocol": "tcp", "FromPort": "22", "ToPort": "22","CidrIp": { "Ref": "LaureateOnPremCIDR" }}
				],
				"SecurityGroupEgress": [
					{ "IpProtocol": "-1","FromPort": "1", "ToPort": "65535", "CidrIp": { "Ref": "VPCCIDR"}},
					{ "IpProtocol": "-1","FromPort": "1", "ToPort": "65535", "CidrIp": { "Ref": "LaureateOnPremCIDR"}},
					{ "IpProtocol": "tcp", "FromPort": "443", "ToPort": "443","CidrIp": {"Fn::FindInMap": ["TenableMap", {"Ref": "AWS::Region"}, "scanner1"]}},
					{ "IpProtocol": "tcp", "FromPort": "443", "ToPort": "443","CidrIp": {"Fn::FindInMap": ["TenableMap", {"Ref": "AWS::Region"}, "scanner2"]}},
					{ "IpProtocol": "tcp", "FromPort": "443", "ToPort": "443","DestinationPrefixListId": {"Fn::FindInMap": ["S3PrefixListIdMap", {"Ref": "AWS::Region"}, "PLI"]}}
				]
			}
		},
		"Ssb9sg01Inbound01": {
			"Type": "AWS::EC2::SecurityGroupIngress",
			"Condition" : "devsbCondition",
			"Properties": {"IpProtocol": "-1", "FromPort": "1", "ToPort": "65535", "CidrIp": {"Fn::FindInMap": ["DevSandboxSGMap", {"Ref": "Env"}, "crossDevSandboxCidr"]}, "GroupId": {"Fn::GetAtt": ["Ssb9sg01","GroupId"]}}
		},

		"Odsappsg01": {
			"Type": "AWS::EC2::SecurityGroup",
			"Condition" : "allCondition",
			"Properties": {
				"GroupDescription": "ODS App Security Group",
				"VpcId": {
					"Ref": "VPC"
				},
				"Tags": [{
					"Key":"Name",
					"Value": {"Fn::Join": ["", ["a", {"Ref": "AccountId"},{"Fn::FindInMap": ["RegionCodeMap", {"Ref": "AWS::Region"}, "RegionCode"]}, {"Ref": "Env"},"-sg-",{ "Ref": "UniversityIslandName" },"oap","01"]]}
					}],
				"SecurityGroupIngress": [
					{ "IpProtocol": "tcp", "FromPort": "22", "ToPort": "22","CidrIp": { "Ref": "VPCCIDR" }},
					{ "IpProtocol": "-1","FromPort": "1", "ToPort": "65535", "CidrIp": { "Ref": "LaureateOnPremCIDR"}},
					{ "IpProtocol" : "icmp", "FromPort" : "-1", "ToPort" : "-1", "CidrIp" : "10.12.16.0/23" },
					{ "IpProtocol" : "icmp", "FromPort" : "-1", "ToPort" : "-1", "CidrIp" : "10.12.52.0/24" },
					{ "IpProtocol" : "icmp", "FromPort" : "-1", "ToPort" : "-1", "CidrIp" : { "Ref": "VPCCIDR" }},
					{ "IpProtocol": "tcp", "FromPort": "443", "ToPort": "443","CidrIp": {"Fn::FindInMap": ["TenableMap", {"Ref": "AWS::Region"}, "scanner1"]}},
					{ "IpProtocol": "tcp", "FromPort": "443", "ToPort": "443","CidrIp": {"Fn::FindInMap": ["TenableMap", {"Ref": "AWS::Region"}, "scanner2"]}},
					{ "IpProtocol": "tcp", "FromPort": "22", "ToPort": "22","CidrIp": { "Ref": "LaureateOnPremCIDR" }}
				],
				"SecurityGroupEgress": [
					{ "IpProtocol": "-1","FromPort": "1", "ToPort": "65535", "CidrIp": { "Ref": "VPCCIDR"}},
					{ "IpProtocol": "-1","FromPort": "1", "ToPort": "65535", "CidrIp": { "Ref": "LaureateOnPremCIDR"}},
					{ "IpProtocol": "tcp", "FromPort": "443", "ToPort": "443","CidrIp": {"Fn::FindInMap": ["TenableMap", {"Ref": "AWS::Region"}, "scanner1"]}},
					{ "IpProtocol": "tcp", "FromPort": "443", "ToPort": "443","CidrIp": {"Fn::FindInMap": ["TenableMap", {"Ref": "AWS::Region"}, "scanner2"]}},
					{ "IpProtocol": "tcp", "FromPort": "443", "ToPort": "443","DestinationPrefixListId": {"Fn::FindInMap": ["S3PrefixListIdMap", {"Ref": "AWS::Region"}, "PLI"]}}
				]
			}
		},
		"Odsappsg01Inbound01": {
			"Type": "AWS::EC2::SecurityGroupIngress",
			"Condition" : "devsbCondition",
			"Properties": {"IpProtocol": "-1", "FromPort": "1", "ToPort": "65535", "CidrIp": {"Fn::FindInMap": ["DevSandboxSGMap", {"Ref": "Env"}, "crossDevSandboxCidr"]}, "GroupId": {"Fn::GetAtt": ["Odsappsg01","GroupId"]}}
		},

		"Cleanaddrsg01": {
		  "Type": "AWS::EC2::SecurityGroup",
			"Condition" : "allCondition",
		  "Properties": {
		    "GroupDescription": "Cleanaddress Security Group",
		    "VpcId": {
		      "Ref": "VPC"
		    },
		    "Tags": [{
					"Key": "Name",
					"Value": {"Fn::Join": ["", ["a", {"Ref": "AccountId"},{"Fn::FindInMap": ["RegionCodeMap", {"Ref": "AWS::Region"}, "RegionCode"]}, {"Ref": "Env"},"-sg-",{ "Ref": "UniversityIslandName" },"adr","01"]]}
					}],
				"SecurityGroupIngress": [
					{ "IpProtocol": "tcp", "FromPort": "22", "ToPort": "22","CidrIp": { "Ref": "VPCCIDR" }},
					{ "IpProtocol": "-1","FromPort": "1", "ToPort": "65535", "CidrIp": { "Ref": "LaureateOnPremCIDR"}},
					{ "IpProtocol" : "icmp", "FromPort" : "-1", "ToPort" : "-1", "CidrIp" : "10.12.16.0/23" },
					{ "IpProtocol" : "icmp", "FromPort" : "-1", "ToPort" : "-1", "CidrIp" : "10.12.52.0/24" },
					{ "IpProtocol" : "icmp", "FromPort" : "-1", "ToPort" : "-1", "CidrIp" : { "Ref": "VPCCIDR" }},
					{ "IpProtocol": "tcp", "FromPort": "22", "ToPort": "22","CidrIp": { "Ref": "LaureateOnPremCIDR" }}
				],
				"SecurityGroupEgress": [
					{ "IpProtocol": "-1","FromPort": "1", "ToPort": "65535", "CidrIp": { "Ref": "VPCCIDR"}},
					{ "IpProtocol": "-1","FromPort": "1", "ToPort": "65535", "CidrIp": { "Ref": "LaureateOnPremCIDR"}},
					{ "IpProtocol": "-1","FromPort": "1", "ToPort": "65535", "CidrIp": "0.0.0.0/0"},
					{ "IpProtocol": "tcp", "FromPort": "443", "ToPort": "443","DestinationPrefixListId": {"Fn::FindInMap": ["S3PrefixListIdMap", {"Ref": "AWS::Region"}, "PLI"]}}
				]
		  }
		},
		"Cleanaddrsg01Inbound01": {
			"Type": "AWS::EC2::SecurityGroupIngress",
			"Condition" : "devsbCondition",
			"Properties": {"IpProtocol": "-1", "FromPort": "1", "ToPort": "65535", "CidrIp": {"Fn::FindInMap": ["DevSandboxSGMap", {"Ref": "Env"}, "crossDevSandboxCidr"]}, "GroupId": {"Fn::GetAtt": ["Cleanaddrsg01","GroupId"]}}
		},

		"Emssg01": {
		  "Type": "AWS::EC2::SecurityGroup",
			"Condition" : "allCondition",
		  "Properties": {
		    "GroupDescription": "EMS Security Group",
		    "VpcId": {
		      "Ref": "VPC"
		    },
		    "Tags": [{
					"Key": "Name",
					"Value": {"Fn::Join": ["", ["a", {"Ref": "AccountId"},{"Fn::FindInMap": ["RegionCodeMap", {"Ref": "AWS::Region"}, "RegionCode"]}, {"Ref": "Env"},"-sg-",{ "Ref": "UniversityIslandName" },"ems","01"]]}
					}],
				"SecurityGroupIngress": [
					{ "IpProtocol": "tcp", "FromPort": "22", "ToPort": "22","CidrIp": { "Ref": "VPCCIDR" }},
					{ "IpProtocol": "-1","FromPort": "1", "ToPort": "65535", "CidrIp": { "Ref": "LaureateOnPremCIDR"}},
					{ "IpProtocol" : "icmp", "FromPort" : "-1", "ToPort" : "-1", "CidrIp" : "10.12.16.0/23" },
					{ "IpProtocol" : "icmp", "FromPort" : "-1", "ToPort" : "-1", "CidrIp" : "10.12.52.0/24" },
					{ "IpProtocol" : "icmp", "FromPort" : "-1", "ToPort" : "-1", "CidrIp" : { "Ref": "VPCCIDR" }},
					{ "IpProtocol": "tcp", "FromPort": "22", "ToPort": "22","CidrIp": { "Ref": "LaureateOnPremCIDR" }}
				],
				"SecurityGroupEgress": [
					{ "IpProtocol": "-1","FromPort": "1", "ToPort": "65535", "CidrIp": { "Ref": "VPCCIDR"}},
					{ "IpProtocol": "-1","FromPort": "1", "ToPort": "65535", "CidrIp": { "Ref": "LaureateOnPremCIDR"}},
					{ "IpProtocol": "-1","FromPort": "1", "ToPort": "65535", "CidrIp": "0.0.0.0/0"},
					{ "IpProtocol": "tcp", "FromPort": "443", "ToPort": "443","DestinationPrefixListId": {"Fn::FindInMap": ["S3PrefixListIdMap", {"Ref": "AWS::Region"}, "PLI"]}}
				]
		  }
		},
		"Emssg01Inbound01": {
			"Type": "AWS::EC2::SecurityGroupIngress",
			"Condition" : "allCondition",
			"Properties": {"IpProtocol": "tcp", "FromPort": {"Fn::FindInMap": ["PortsMap", {"Ref": "Env"}, "ems"]}, "ToPort": {"Fn::FindInMap": ["PortsMap", {"Ref": "Env"}, "ems"]}, "CidrIp": { "Ref": "VPCCIDR"} , "GroupId": {"Fn::GetAtt": ["Emssg01","GroupId"]}}
		},
		"Emssg01Inbound02": {
			"Type": "AWS::EC2::SecurityGroupIngress",
			"Condition" : "devsbCondition",
			"Properties": {"IpProtocol": "-1", "FromPort": "1", "ToPort": "65535", "CidrIp": {"Fn::FindInMap": ["DevSandboxSGMap", {"Ref": "Env"}, "crossDevSandboxCidr"]}, "GroupId": {"Fn::GetAtt": ["Emssg01","GroupId"]}}
		},

		"Oemsg01": {
		  "Type": "AWS::EC2::SecurityGroup",
			"Condition" : "prodCondition",
		  "Properties": {
		    "GroupDescription": "OEM Security Group",
		    "VpcId": {
		      "Ref": "VPC"
		    },
		    "Tags": [{
					"Key": "Name",
					"Value": {"Fn::Join": ["", ["a", {"Ref": "AccountId"},{"Fn::FindInMap": ["RegionCodeMap", {"Ref": "AWS::Region"}, "RegionCode"]}, {"Ref": "Env"},"-sg-",{ "Ref": "UniversityIslandName" },"oem","01"]]}
					}],
				"SecurityGroupIngress": [
					{ "IpProtocol": "tcp", "FromPort": "22", "ToPort": "22","CidrIp": { "Ref": "VPCCIDR" }},
					{ "IpProtocol": "-1","FromPort": "1", "ToPort": "65535", "CidrIp": { "Ref": "LaureateOnPremCIDR"}},
					{ "IpProtocol" : "icmp", "FromPort" : "-1", "ToPort" : "-1", "CidrIp" : "10.12.16.0/23" },
					{ "IpProtocol" : "icmp", "FromPort" : "-1", "ToPort" : "-1", "CidrIp" : "10.12.52.0/24" },
					{ "IpProtocol" : "icmp", "FromPort" : "-1", "ToPort" : "-1", "CidrIp" : { "Ref": "VPCCIDR" }},
					{ "IpProtocol": "tcp", "FromPort": "22", "ToPort": "22","CidrIp": { "Ref": "LaureateOnPremCIDR" }}
				],
				"SecurityGroupEgress": [
					{ "IpProtocol": "-1","FromPort": "1", "ToPort": "65535", "CidrIp": { "Ref": "VPCCIDR"}},
					{ "IpProtocol": "-1","FromPort": "1", "ToPort": "65535", "CidrIp": { "Ref": "LaureateOnPremCIDR"}},
					{ "IpProtocol": "-1","FromPort": "1", "ToPort": "65535", "CidrIp": "0.0.0.0/0"},
					{ "IpProtocol": "tcp", "FromPort": "443", "ToPort": "443","DestinationPrefixListId": {"Fn::FindInMap": ["S3PrefixListIdMap", {"Ref": "AWS::Region"}, "PLI"]}}
				]
		  }
		},

		"Oemdbsg01": {
		  "Type": "AWS::EC2::SecurityGroup",
			"Condition" : "prodCondition",
		  "Properties": {
		    "GroupDescription": "OEM DB Security Group",
		    "VpcId": {
		      "Ref": "VPC"
		    },
		    "Tags": [{
					"Key": "Name",
					"Value": {"Fn::Join": ["", ["a", {"Ref": "AccountId"},{"Fn::FindInMap": ["RegionCodeMap", {"Ref": "AWS::Region"}, "RegionCode"]}, {"Ref": "Env"},"-sg-",{ "Ref": "UniversityIslandName" },"oem","01"]]}
					}],
				"SecurityGroupIngress": [
					{ "IpProtocol": "tcp", "FromPort": "22", "ToPort": "22","CidrIp": { "Ref": "VPCCIDR" }},
					{ "IpProtocol": "tcp", "FromPort": {"Ref": "dbPort"}, "ToPort": {"Ref": "dbPort"},"CidrIp": { "Ref": "VPCCIDR" }},
					{ "IpProtocol": "-1","FromPort": "1", "ToPort": "65535", "CidrIp": { "Ref": "LaureateOnPremCIDR"}},
					{ "IpProtocol" : "icmp", "FromPort" : "-1", "ToPort" : "-1", "CidrIp" : "10.12.16.0/23" },
					{ "IpProtocol" : "icmp", "FromPort" : "-1", "ToPort" : "-1", "CidrIp" : "10.12.52.0/24" },
					{ "IpProtocol" : "icmp", "FromPort" : "-1", "ToPort" : "-1", "CidrIp" : { "Ref": "VPCCIDR" }},
					{ "IpProtocol": "tcp", "FromPort": "22", "ToPort": "22","CidrIp": { "Ref": "LaureateOnPremCIDR" }}
				],
				"SecurityGroupEgress": [
					{ "IpProtocol": "-1","FromPort": "1", "ToPort": "65535", "CidrIp": { "Ref": "VPCCIDR"}},
					{ "IpProtocol": "-1","FromPort": "1", "ToPort": "65535", "CidrIp": { "Ref": "LaureateOnPremCIDR"}},
					{ "IpProtocol": "-1","FromPort": "1", "ToPort": "65535", "CidrIp": "0.0.0.0/0"},
					{ "IpProtocol": "tcp", "FromPort": "443", "ToPort": "443","DestinationPrefixListId": {"Fn::FindInMap": ["S3PrefixListIdMap", {"Ref": "AWS::Region"}, "PLI"]}}
				]
		  }
		},
		"Oemdbsg01Inbound01": {
			"Type": "AWS::EC2::SecurityGroupIngress",
			"Condition" : "prodCondition",
			"Properties": {
				"IpProtocol": "tcp",
				"FromPort": {"Ref": "dbPort"},
				"ToPort": {"Ref": "dbPort"},
				"SourceSecurityGroupId": {
					"Fn::GetAtt": [
						"Oemsg01","GroupId"
					]
				},
        "GroupId": {
					"Fn::GetAtt": [
						"Oemdbsg01","GroupId"
					]
				}
			}
		},

		"Bepsg01": {
			"Type": "AWS::EC2::SecurityGroup",
			"Condition" : "sbqaCondition",
			"Properties": {
				"GroupDescription": "BEP Security Group",
				"VpcId": {
					"Ref": "VPC"
				},
				"Tags": [{
					"Key": "Name",
					"Value": {"Fn::Join": ["", ["a", {"Ref": "AccountId"},{"Fn::FindInMap": ["RegionCodeMap", {"Ref": "AWS::Region"}, "RegionCode"]}, {"Ref": "Env"},"-sg-",{ "Ref": "UniversityIslandName" },"bep","01"]]}
					}],
				"SecurityGroupIngress": [
					{ "IpProtocol": "tcp", "FromPort": "22", "ToPort": "22","CidrIp": { "Ref": "VPCCIDR" }},
					{ "IpProtocol": "-1","FromPort": "1", "ToPort": "65535", "CidrIp": { "Ref": "LaureateOnPremCIDR"}},
					{ "IpProtocol" : "icmp", "FromPort" : "-1", "ToPort" : "-1", "CidrIp" : "10.12.16.0/23" },
					{ "IpProtocol" : "icmp", "FromPort" : "-1", "ToPort" : "-1", "CidrIp" : "10.12.52.0/24" },
					{ "IpProtocol" : "icmp", "FromPort" : "-1", "ToPort" : "-1", "CidrIp" : { "Ref": "VPCCIDR" }},
					{ "IpProtocol": "tcp", "FromPort": "22", "ToPort": "22","CidrIp": { "Ref": "LaureateOnPremCIDR" }}
				],
				"SecurityGroupEgress": [
					{ "IpProtocol": "-1","FromPort": "1", "ToPort": "65535", "CidrIp": { "Ref": "VPCCIDR"}},
					{ "IpProtocol": "-1","FromPort": "1", "ToPort": "65535", "CidrIp": { "Ref": "LaureateOnPremCIDR"}},
					{ "IpProtocol": "-1","FromPort": "1", "ToPort": "65535", "CidrIp": "0.0.0.0/0"},
					{ "IpProtocol": "tcp", "FromPort": "443", "ToPort": "443","DestinationPrefixListId": {"Fn::FindInMap": ["S3PrefixListIdMap", {"Ref": "AWS::Region"}, "PLI"]}}
				]
			}
		},
		"Bepsg01Inbound01": {
			"Type": "AWS::EC2::SecurityGroupIngress",
			"Condition" : "sbqaCondition",
			"Properties": {
				"IpProtocol": "tcp",
				"FromPort": {"Fn::FindInMap": ["PortsMap", {"Ref": "Env"}, "bep"]},
				"ToPort": {"Fn::FindInMap": ["PortsMap", {"Ref": "Env"}, "bep"]},
				"SourceSecurityGroupId": {
					"Fn::GetAtt": [
						"albBepsg01","GroupId"
					]
				},
				"GroupId": {
					"Fn::GetAtt": [
						"Bepsg01","GroupId"
					]
				}
			}
		},
		"Bepsg01Inbound02": {
			"Type": "AWS::EC2::SecurityGroupIngress",
			"Condition" : "sbCondition",
			"Properties": {"IpProtocol": "-1", "FromPort": "1", "ToPort": "65535", "CidrIp": {"Fn::FindInMap": ["DevSandboxSGMap", {"Ref": "Env"}, "crossDevSandboxCidr"]}, "GroupId": {"Fn::GetAtt": ["Bepsg01","GroupId"]}}
		},

		"Dwcsg01": {
			"Type": "AWS::EC2::SecurityGroup",
			"Condition": "sbCondition",
			"Properties": {
				"GroupDescription": "DegreeWorks Classic Security Group",
				"VpcId": {
					"Ref": "VPC"
				},
				"Tags": [{
					"Key": "Name",
					"Value": {"Fn::Join": ["", ["a", {"Ref": "AccountId"},{"Fn::FindInMap": ["RegionCodeMap", {"Ref": "AWS::Region"}, "RegionCode"]}, {"Ref": "Env"},"-sg-",{ "Ref": "UniversityIslandName" },"dwc","01"]]}
					}],
				"SecurityGroupIngress": [
					{ "IpProtocol": "tcp", "FromPort": "22", "ToPort": "22","CidrIp": { "Ref": "VPCCIDR" }},
					{ "IpProtocol": "-1","FromPort": "1", "ToPort": "65535", "CidrIp": { "Ref": "LaureateOnPremCIDR"}},
					{ "IpProtocol" : "icmp", "FromPort" : "-1", "ToPort" : "-1", "CidrIp" : "10.12.16.0/23" },
					{ "IpProtocol" : "icmp", "FromPort" : "-1", "ToPort" : "-1", "CidrIp" : "10.12.52.0/24" },
					{ "IpProtocol" : "icmp", "FromPort" : "-1", "ToPort" : "-1", "CidrIp" : { "Ref": "VPCCIDR" }},
					{ "IpProtocol": "tcp", "FromPort": "22", "ToPort": "22","CidrIp": { "Ref": "LaureateOnPremCIDR" }}
				],
				"SecurityGroupEgress": [
					{ "IpProtocol": "-1","FromPort": "1", "ToPort": "65535", "CidrIp": { "Ref": "VPCCIDR"}},
					{ "IpProtocol": "-1","FromPort": "1", "ToPort": "65535", "CidrIp": { "Ref": "LaureateOnPremCIDR"}},
					{ "IpProtocol": "-1","FromPort": "1", "ToPort": "65535", "CidrIp": "0.0.0.0/0"},
					{ "IpProtocol": "tcp", "FromPort": "443", "ToPort": "443","DestinationPrefixListId": {"Fn::FindInMap": ["S3PrefixListIdMap", {"Ref": "AWS::Region"}, "PLI"]}}
				]
			}
		},
		"Dwcsg01Inbound01": {
			"Type": "AWS::EC2::SecurityGroupIngress",
			"Condition": "sbCondition",
			"Properties": {
				"IpProtocol": "tcp",
				"FromPort": {"Fn::FindInMap": ["PortsMap", {"Ref": "Env"}, "dwWeb"]},
				"ToPort": {"Fn::FindInMap": ["PortsMap", {"Ref": "Env"}, "dwWeb"]},
				"SourceSecurityGroupId": {"Fn::GetAtt": [ "albDwcsg01","GroupId"]},
				"GroupId": {"Fn::GetAtt": ["Dwcsg01","GroupId"]}
			}
		},
		"Dwcsg01Inbound02": {
			"Type": "AWS::EC2::SecurityGroupIngress",
			"Condition" : "sbCondition",
			"Properties": {"IpProtocol": "-1", "FromPort": "1", "ToPort": "65535", "CidrIp": {"Fn::FindInMap": ["DevSandboxSGMap", {"Ref": "Env"}, "crossDevSandboxCidr"]}, "GroupId": {"Fn::GetAtt": ["Dwcsg01","GroupId"]}}
		},

		"Dwasg01": {
			"Type": "AWS::EC2::SecurityGroup",
			"Condition": "sbCondition",
			"Properties": {
				"GroupDescription": "DegreeWorks Application Security Group",
				"VpcId": {
					"Ref": "VPC"
				},
				"Tags": [{
					"Key": "Name",
					"Value": {"Fn::Join": ["", ["a", {"Ref": "AccountId"},{"Fn::FindInMap": ["RegionCodeMap", {"Ref": "AWS::Region"}, "RegionCode"]}, {"Ref": "Env"},"-sg-",{ "Ref": "UniversityIslandName" },"dwa","01"]]}
					}],
				"SecurityGroupIngress": [
					{ "IpProtocol": "tcp", "FromPort": "22", "ToPort": "22","CidrIp": { "Ref": "VPCCIDR" }},
					{ "IpProtocol": "-1","FromPort": "1", "ToPort": "65535", "CidrIp": { "Ref": "LaureateOnPremCIDR"}},
					{ "IpProtocol" : "icmp", "FromPort" : "-1", "ToPort" : "-1", "CidrIp" : "10.12.16.0/23" },
					{ "IpProtocol" : "icmp", "FromPort" : "-1", "ToPort" : "-1", "CidrIp" : "10.12.52.0/24" },
					{ "IpProtocol" : "icmp", "FromPort" : "-1", "ToPort" : "-1", "CidrIp" : { "Ref": "VPCCIDR" }},
					{ "IpProtocol": "tcp", "FromPort": "22", "ToPort": "22","CidrIp": { "Ref": "LaureateOnPremCIDR" }}
				],
				"SecurityGroupEgress": [
					{ "IpProtocol": "-1","FromPort": "1", "ToPort": "65535", "CidrIp": { "Ref": "VPCCIDR"}},
					{ "IpProtocol": "-1","FromPort": "1", "ToPort": "65535", "CidrIp": { "Ref": "LaureateOnPremCIDR"}},
					{ "IpProtocol": "-1","FromPort": "1", "ToPort": "65535", "CidrIp": "0.0.0.0/0"},
					{ "IpProtocol": "tcp", "FromPort": "443", "ToPort": "443","DestinationPrefixListId": {"Fn::FindInMap": ["S3PrefixListIdMap", {"Ref": "AWS::Region"}, "PLI"]}}
				]
			}
		},
		"Dwasg01Inbound01": {
			"Type": "AWS::EC2::SecurityGroupIngress",
			"Condition": "sbCondition",
			"Properties": {
				"IpProtocol": "tcp",
				"FromPort": {"Fn::FindInMap": ["PortsMap", {"Ref": "Env"}, "dwDashboard"]},
				"ToPort": {"Fn::FindInMap": ["PortsMap", {"Ref": "Env"}, "dwDashboard"]},
				"SourceSecurityGroupId": {"Fn::GetAtt": [ "albDwasg01","GroupId"]},
				"GroupId": {"Fn::GetAtt": ["Dwasg01","GroupId"]}
			}
		},
		"Dwasg01Inbound02": {
			"Type": "AWS::EC2::SecurityGroupIngress",
			"Condition" : "sbCondition",
			"Properties": {"IpProtocol": "-1", "FromPort": "1", "ToPort": "65535", "CidrIp": {"Fn::FindInMap": ["DevSandboxSGMap", {"Ref": "Env"}, "crossDevSandboxCidr"]}, "GroupId": {"Fn::GetAtt": ["Dwasg01","GroupId"]}}
		},

		"Ba9sg01": {
			"Type": "AWS::EC2::SecurityGroup",
			"Condition" : "allCondition",
			"Properties": {
				"GroupDescription": "Banner Admin 9 Security Group",
				"VpcId": {
					"Ref": "VPC"
				},
				"Tags": [{
					"Key": "Name",
					"Value": {"Fn::Join": ["", ["a", {"Ref": "AccountId"},{"Fn::FindInMap": ["RegionCodeMap", {"Ref": "AWS::Region"}, "RegionCode"]}, {"Ref": "Env"},"-sg-",{ "Ref": "UniversityIslandName" },"ba9","01"]]}
					}],
				"SecurityGroupIngress": [
					{ "IpProtocol": "tcp", "FromPort": "22", "ToPort": "22","CidrIp": { "Ref": "VPCCIDR" }},
					{ "IpProtocol": "-1","FromPort": "1", "ToPort": "65535", "CidrIp": { "Ref": "LaureateOnPremCIDR"}},
					{ "IpProtocol" : "icmp", "FromPort" : "-1", "ToPort" : "-1", "CidrIp" : "10.12.16.0/23" },
					{ "IpProtocol" : "icmp", "FromPort" : "-1", "ToPort" : "-1", "CidrIp" : "10.12.52.0/24" },
					{ "IpProtocol" : "icmp", "FromPort" : "-1", "ToPort" : "-1", "CidrIp" : { "Ref": "VPCCIDR" }},
					{ "IpProtocol": "tcp", "FromPort": "22", "ToPort": "22","CidrIp": { "Ref": "LaureateOnPremCIDR" }}
				],
				"SecurityGroupEgress": [
					{ "IpProtocol": "-1","FromPort": "1", "ToPort": "65535", "CidrIp": { "Ref": "VPCCIDR"}},
					{ "IpProtocol": "-1","FromPort": "1", "ToPort": "65535", "CidrIp": { "Ref": "LaureateOnPremCIDR"}},
					{ "IpProtocol": "-1","FromPort": "1", "ToPort": "65535", "CidrIp": "0.0.0.0/0"},
					{ "IpProtocol": "tcp", "FromPort": "443", "ToPort": "443","DestinationPrefixListId": {"Fn::FindInMap": ["S3PrefixListIdMap", {"Ref": "AWS::Region"}, "PLI"]}}
				]
			}
		},
		"Ba9sg01Inbound01": {
			"Type": "AWS::EC2::SecurityGroupIngress",
			"Properties": {
				"IpProtocol": "tcp",
				"FromPort": {"Ref":"b9adminPort"},
				"ToPort": {"Ref":"b9adminPort"},
				"SourceSecurityGroupId": {
					"Fn::GetAtt": [
						"albBa9sg01","GroupId"
					]
				},
				"GroupId": {
					"Fn::GetAtt": [
						"Ba9sg01","GroupId"
					]
				}
			}
		},
		"Ba9sg01Inbound02": {
			"Type": "AWS::EC2::SecurityGroupIngress",
			"Condition" : "devsbCondition",
			"Properties": {"IpProtocol": "-1", "FromPort": "1", "ToPort": "65535", "CidrIp": {"Fn::FindInMap": ["DevSandboxSGMap", {"Ref": "Env"}, "crossDevSandboxCidr"]}, "GroupId": {"Fn::GetAtt": ["Ba9sg01","GroupId"]}}
		},

		"Eissg01": {
			"Type": "AWS::EC2::SecurityGroup",
			"Condition" : "allCondition",
			"Properties": {
				"GroupDescription": "EIS Security Group",
				"VpcId": {
					"Ref": "VPC"
				},
				"Tags": [{
					"Key": "Name",
					"Value": {"Fn::Join": ["", ["a", {"Ref": "AccountId"},{"Fn::FindInMap": ["RegionCodeMap", {"Ref": "AWS::Region"}, "RegionCode"]}, {"Ref": "Env"},"-sg-",{ "Ref": "UniversityIslandName" },"eis","01"]]}
					}],
				"SecurityGroupIngress": [
					{ "IpProtocol": "tcp", "FromPort": "22", "ToPort": "22","CidrIp": { "Ref": "VPCCIDR" }},
					{ "IpProtocol": "-1","FromPort": "1", "ToPort": "65535", "CidrIp": { "Ref": "LaureateOnPremCIDR"}},
					{ "IpProtocol" : "icmp", "FromPort" : "-1", "ToPort" : "-1", "CidrIp" : "10.12.16.0/23" },
					{ "IpProtocol" : "icmp", "FromPort" : "-1", "ToPort" : "-1", "CidrIp" : "10.12.52.0/24" },
					{ "IpProtocol" : "icmp", "FromPort" : "-1", "ToPort" : "-1", "CidrIp" : { "Ref": "VPCCIDR" }},
					{ "IpProtocol": "tcp", "FromPort": "22", "ToPort": "22","CidrIp": { "Ref": "LaureateOnPremCIDR" }}
				],
				"SecurityGroupEgress": [
					{ "IpProtocol": "-1","FromPort": "1", "ToPort": "65535", "CidrIp": { "Ref": "VPCCIDR"}},
					{ "IpProtocol": "-1","FromPort": "1", "ToPort": "65535", "CidrIp": { "Ref": "LaureateOnPremCIDR"}},
					{ "IpProtocol": "-1","FromPort": "1", "ToPort": "65535", "CidrIp": "0.0.0.0/0"},
					{ "IpProtocol": "tcp", "FromPort": "443", "ToPort": "443","DestinationPrefixListId": {"Fn::FindInMap": ["S3PrefixListIdMap", {"Ref": "AWS::Region"}, "PLI"]}}
				]
			}
		},
		"Eissg01Inbound01": {
			"Type": "AWS::EC2::SecurityGroupIngress",
			"Properties": {
				"IpProtocol": "tcp",
				"FromPort": {"Ref":"eisPort"},
				"ToPort": {"Ref":"eisPort"},
				"SourceSecurityGroupId": {
					"Fn::GetAtt": [
						"albEissg01","GroupId"
					]
				},
				"GroupId": {
					"Fn::GetAtt": [
						"Eissg01","GroupId"
					]
				}
			}
		},
		"Eissg01Inbound02": {
			"Type": "AWS::EC2::SecurityGroupIngress",
			"Condition" : "devsbCondition",
			"Properties": {"IpProtocol": "-1", "FromPort": "1", "ToPort": "65535", "CidrIp": {"Fn::FindInMap": ["DevSandboxSGMap", {"Ref": "Env"}, "crossDevSandboxCidr"]}, "GroupId": {"Fn::GetAtt": ["Eissg01","GroupId"]}}
		},

		"Beissg01": {
		  "Type": "AWS::EC2::SecurityGroup",
			"Condition" : "allCondition",
		  "Properties": {
		    "GroupDescription": "BEIS Group",
		    "VpcId": {
		      "Ref": "VPC"
		    },
		    "Tags": [{
					"Key": "Name",
					"Value": {"Fn::Join": ["", ["a", {"Ref": "AccountId"},{"Fn::FindInMap": ["RegionCodeMap", {"Ref": "AWS::Region"}, "RegionCode"]}, {"Ref": "Env"},"-sg-",{ "Ref": "UniversityIslandName" },"beis","01"]]}
					}],
				"SecurityGroupIngress": [
					{ "IpProtocol": "tcp", "FromPort": "22", "ToPort": "22","CidrIp": { "Ref": "VPCCIDR" }},
					{ "IpProtocol": "-1","FromPort": "1", "ToPort": "65535", "CidrIp": { "Ref": "LaureateOnPremCIDR"}},
					{ "IpProtocol" : "icmp", "FromPort" : "-1", "ToPort" : "-1", "CidrIp" : "10.12.16.0/23" },
					{ "IpProtocol" : "icmp", "FromPort" : "-1", "ToPort" : "-1", "CidrIp" : "10.12.52.0/24" },
					{ "IpProtocol" : "icmp", "FromPort" : "-1", "ToPort" : "-1", "CidrIp" : { "Ref": "VPCCIDR" }},
					{ "IpProtocol": "tcp", "FromPort": "22", "ToPort": "22","CidrIp": { "Ref": "LaureateOnPremCIDR" }}
				],
				"SecurityGroupEgress": [
					{ "IpProtocol": "-1","FromPort": "1", "ToPort": "65535", "CidrIp": { "Ref": "VPCCIDR"}},
					{ "IpProtocol": "-1","FromPort": "1", "ToPort": "65535", "CidrIp": { "Ref": "LaureateOnPremCIDR"}},
					{ "CidrIp": "0.0.0.0/0", "FromPort": "443", "IpProtocol": "tcp", "ToPort": "443" },
					{ "IpProtocol": "tcp", "FromPort": "443", "ToPort": "443","DestinationPrefixListId": {"Fn::FindInMap": ["S3PrefixListIdMap", {"Ref": "AWS::Region"}, "PLI"]}}
				]
		  }
		},
		"Beissg01Inbound01": {
			"Type": "AWS::EC2::SecurityGroupIngress",
			"Properties": {
				"IpProtocol": "tcp",
				"FromPort": {"Ref":"beisPort"},
				"ToPort": {"Ref":"beisPort"},
				"SourceSecurityGroupId": {
					"Fn::GetAtt": [
						"albBeissg01","GroupId"
					]
				},
				"GroupId": {
					"Fn::GetAtt": [
						"Beissg01","GroupId"
					]
				}
			}
		},
		"Beissg01Inbound02": {
			"Type": "AWS::EC2::SecurityGroupIngress",
			"Condition" : "devsbCondition",
			"Properties": {"IpProtocol": "-1", "FromPort": "1", "ToPort": "65535", "CidrIp": {"Fn::FindInMap": ["DevSandboxSGMap", {"Ref": "Env"}, "crossDevSandboxCidr"]}, "GroupId": {"Fn::GetAtt": ["Beissg01","GroupId"]}}
		},

		"Ssb8sg01": {
			"Type": "AWS::EC2::SecurityGroup",
			"Condition" : "allCondition",
			"Properties": {
				"GroupDescription": "SSB 8 Security Group",
				"VpcId": {
					"Ref": "VPC"
				},
				"Tags": [{
					"Key": "Name",
					"Value": {"Fn::Join": ["", ["a", {"Ref": "AccountId"},{"Fn::FindInMap": ["RegionCodeMap", {"Ref": "AWS::Region"}, "RegionCode"]}, {"Ref": "Env"},"-sg-",{ "Ref": "UniversityIslandName" },"ssb8","01"]]}
					}],
				"SecurityGroupIngress": [
					{ "IpProtocol": "tcp", "FromPort": "22", "ToPort": "22","CidrIp": { "Ref": "VPCCIDR" }},
					{ "IpProtocol": "-1","FromPort": "1", "ToPort": "65535", "CidrIp": { "Ref": "LaureateOnPremCIDR"}},
					{ "IpProtocol" : "icmp", "FromPort" : "-1", "ToPort" : "-1", "CidrIp" : "10.12.16.0/23" },
					{ "IpProtocol" : "icmp", "FromPort" : "-1", "ToPort" : "-1", "CidrIp" : "10.12.52.0/24" },
					{ "IpProtocol" : "icmp", "FromPort" : "-1", "ToPort" : "-1", "CidrIp" : { "Ref": "VPCCIDR" }},
					{ "IpProtocol": "tcp", "FromPort": "22", "ToPort": "22","CidrIp": { "Ref": "LaureateOnPremCIDR" }}
				],
				"SecurityGroupEgress": [
					{ "IpProtocol": "-1","FromPort": "1", "ToPort": "65535", "CidrIp": { "Ref": "VPCCIDR"}},
					{ "IpProtocol": "-1","FromPort": "1", "ToPort": "65535", "CidrIp": { "Ref": "LaureateOnPremCIDR"}},
					{ "IpProtocol": "tcp", "FromPort": "443", "ToPort": "443","DestinationPrefixListId": {"Fn::FindInMap": ["S3PrefixListIdMap", {"Ref": "AWS::Region"}, "PLI"]}}
				]
			}
		},
		"Ssb8sg01Inbound01": {
			"Type": "AWS::EC2::SecurityGroupIngress",
			"Properties": {
				"IpProtocol": "tcp",
				"FromPort": {"Ref":"ssbPort"},
				"ToPort": {"Ref":"ssbPort"},
				"SourceSecurityGroupId": {
					"Fn::GetAtt": [
						"albSsbsg01","GroupId"
					]
				},
				"GroupId": {
					"Fn::GetAtt": [
						"Ssb8sg01","GroupId"
					]
				}
			}
		},
		"Ssb8sg01Inbound02": {
			"Type": "AWS::EC2::SecurityGroupIngress",
			"Condition" : "devsbCondition",
			"Properties": {"IpProtocol": "-1", "FromPort": "1", "ToPort": "65535", "CidrIp": {"Fn::FindInMap": ["DevSandboxSGMap", {"Ref": "Env"}, "crossDevSandboxCidr"]}, "GroupId": {"Fn::GetAtt": ["Ssb8sg01","GroupId"]}}
		},

		"Jobsubsg01": {
			"Type": "AWS::EC2::SecurityGroup",
			"Condition" : "allCondition",
			"Properties": {
				"GroupDescription": "Jobsub Security Group",
				"VpcId": {
					"Ref": "VPC"
				},
				"Tags": [{
						"Key": "Name",
						"Value": {"Fn::Join": ["", ["a", {"Ref": "AccountId"},{"Fn::FindInMap": ["RegionCodeMap", {"Ref": "AWS::Region"}, "RegionCode"]}, {"Ref": "Env"},"-sg-",{ "Ref": "UniversityIslandName" },"job","01"]]}
					}
				],
				"SecurityGroupIngress": [
					{ "IpProtocol": "tcp", "FromPort": "22", "ToPort": "22","CidrIp": { "Ref": "VPCCIDR" }},
					{ "IpProtocol": "-1","FromPort": "1", "ToPort": "65535", "CidrIp": { "Ref": "LaureateOnPremCIDR"}},
					{ "IpProtocol" : "icmp", "FromPort" : "-1", "ToPort" : "-1", "CidrIp" : "10.12.16.0/23" },
					{ "IpProtocol" : "icmp", "FromPort" : "-1", "ToPort" : "-1", "CidrIp" : "10.12.52.0/24" },
					{ "IpProtocol" : "icmp", "FromPort" : "-1", "ToPort" : "-1", "CidrIp" : { "Ref": "VPCCIDR" }},
					{ "IpProtocol": "tcp", "FromPort": "443", "ToPort": "443","CidrIp": "52.219.62.0/23" },
					{ "IpProtocol": "tcp", "FromPort": "443", "ToPort": "443","CidrIp": "52.219.64.0/22" },
					{ "IpProtocol": "tcp", "FromPort": "443", "ToPort": "443","CidrIp": "52.92.248.0/22" },
					{ "IpProtocol": "tcp", "FromPort": "22", "ToPort": "22","CidrIp": { "Ref": "LaureateOnPremCIDR" }}
				],
				"SecurityGroupEgress": [
					{ "IpProtocol": "-1","FromPort": "1", "ToPort": "65535", "CidrIp": { "Ref": "VPCCIDR"}},
					{ "IpProtocol": "-1","FromPort": "1", "ToPort": "65535", "CidrIp": { "Ref": "LaureateOnPremCIDR"}},
					{ "IpProtocol": "-1","FromPort": "1", "ToPort": "65535", "CidrIp": "0.0.0.0/0"},
					{ "IpProtocol": "tcp", "FromPort": "443", "ToPort": "443","DestinationPrefixListId": {"Fn::FindInMap": ["S3PrefixListIdMap", {"Ref": "AWS::Region"}, "PLI"]}}
				]
			}
		},

		"Workflowsg01": {
			"Type": "AWS::EC2::SecurityGroup",
			"Properties": {
				"GroupDescription": "Workflow Security Group",
				"VpcId": {
					"Ref": "VPC"
				},
				"Tags": [{
					"Key": "Name",
					"Value": {"Fn::Join": ["", ["a", {"Ref": "AccountId"},{"Fn::FindInMap": ["RegionCodeMap", {"Ref": "AWS::Region"}, "RegionCode"]}, {"Ref": "Env"},"-sg-",{ "Ref": "UniversityIslandName" },"wfw","01"]]}
					}],
				"SecurityGroupIngress": [
					{ "IpProtocol": "tcp", "FromPort": "22", "ToPort": "22","CidrIp": { "Ref": "VPCCIDR" }},
					{ "IpProtocol": "-1","FromPort": "1", "ToPort": "65535", "CidrIp": { "Ref": "LaureateOnPremCIDR"}},
					{ "IpProtocol" : "icmp", "FromPort" : "-1", "ToPort" : "-1", "CidrIp" : "10.12.16.0/23" },
					{ "IpProtocol" : "icmp", "FromPort" : "-1", "ToPort" : "-1", "CidrIp" : "10.12.52.0/24" },
					{ "IpProtocol" : "icmp", "FromPort" : "-1", "ToPort" : "-1", "CidrIp" : { "Ref": "VPCCIDR" }},
					{ "IpProtocol": "tcp", "FromPort": "7001", "ToPort": "7001","CidrIp": { "Ref": "LaureateOnPremCIDR" }},
					{ "IpProtocol": "tcp", "FromPort": "7003", "ToPort": "7003","CidrIp": { "Ref": "LaureateOnPremCIDR" }},
					{ "IpProtocol": "tcp", "FromPort": "22", "ToPort": "22","CidrIp": { "Ref": "LaureateOnPremCIDR" }}
				],
				"SecurityGroupEgress": [
					{ "IpProtocol": "-1","FromPort": "1", "ToPort": "65535", "CidrIp": { "Ref": "VPCCIDR"}},
					{ "IpProtocol": "-1","FromPort": "1", "ToPort": "65535", "CidrIp": { "Ref": "LaureateOnPremCIDR"}},
					{ "IpProtocol": "-1","FromPort": "1", "ToPort": "65535", "CidrIp": "0.0.0.0/0"},
					{ "IpProtocol": "tcp", "FromPort": "443", "ToPort": "443","DestinationPrefixListId": {"Fn::FindInMap": ["S3PrefixListIdMap", {"Ref": "AWS::Region"}, "PLI"]}}
				]
			}
		},
		"Workflowsg01Inbound01": {
			"Type": "AWS::EC2::SecurityGroupIngress",
			"Properties": {
				"IpProtocol": "tcp",
				"FromPort": 7003,
				"ToPort": 7003,
				"SourceSecurityGroupId": {
					"Fn::GetAtt": [
						"Dbsg01","GroupId"
					]
				},
        "GroupId": {
					"Fn::GetAtt": [
						"Workflowsg01","GroupId"
					]
				}
			}
		},
		"Workflowsg01Inbound02": {
			"Type": "AWS::EC2::SecurityGroupIngress",
			"Properties": {
				"IpProtocol": "tcp",
				"FromPort": {"Ref":"wfPort"},
				"ToPort": {"Ref":"wfPort"},
				"SourceSecurityGroupId": {
					"Fn::GetAtt": [
						"albWorkflowsg01","GroupId"
					]
				},
        "GroupId": {
					"Fn::GetAtt": [
						"Workflowsg01","GroupId"
					]
				}
			}
		},

		"WorkflowTsg01": {
			"Type": "AWS::EC2::SecurityGroup",
			"Condition" : "allCondition",
			"Properties": {
				"GroupDescription": "Workflow Tomcat Security Group",
				"VpcId": {
					"Ref": "VPC"
				},
				"Tags": [{
					"Key": "Name",
					"Value": {"Fn::Join": ["", ["a", {"Ref": "AccountId"},{"Fn::FindInMap": ["RegionCodeMap", {"Ref": "AWS::Region"}, "RegionCode"]}, {"Ref": "Env"},"-sg-",{ "Ref": "UniversityIslandName" },"wfwt","01"]]}
					}],
				"SecurityGroupIngress": [
					{ "IpProtocol": "tcp", "FromPort": "22", "ToPort": "22","CidrIp": { "Ref": "VPCCIDR" }},
					{ "IpProtocol": "-1","FromPort": "1", "ToPort": "65535", "CidrIp": { "Ref": "LaureateOnPremCIDR"}},
					{ "IpProtocol" : "icmp", "FromPort" : "-1", "ToPort" : "-1", "CidrIp" : "10.12.16.0/23" },
					{ "IpProtocol" : "icmp", "FromPort" : "-1", "ToPort" : "-1", "CidrIp" : "10.12.52.0/24" },
					{ "IpProtocol" : "icmp", "FromPort" : "-1", "ToPort" : "-1", "CidrIp" : { "Ref": "VPCCIDR" }},
					{ "IpProtocol": "tcp", "FromPort": "7001", "ToPort": "7001","CidrIp": { "Ref": "LaureateOnPremCIDR" }},
					{ "IpProtocol": "tcp", "FromPort": "7003", "ToPort": "7003","CidrIp": { "Ref": "LaureateOnPremCIDR" }},
					{ "IpProtocol": "tcp", "FromPort": "22", "ToPort": "22","CidrIp": { "Ref": "LaureateOnPremCIDR" }}
				],
				"SecurityGroupEgress": [
					{ "IpProtocol": "-1","FromPort": "1", "ToPort": "65535", "CidrIp": { "Ref": "VPCCIDR"}},
					{ "IpProtocol": "-1","FromPort": "1", "ToPort": "65535", "CidrIp": { "Ref": "LaureateOnPremCIDR"}},
					{ "IpProtocol": "-1","FromPort": "1", "ToPort": "65535", "CidrIp": "0.0.0.0/0"},
					{ "IpProtocol": "tcp", "FromPort": "443", "ToPort": "443","DestinationPrefixListId": {"Fn::FindInMap": ["S3PrefixListIdMap", {"Ref": "AWS::Region"}, "PLI"]}}
				]
			}
		},
		"WorkflowTsg01Inbound01": {
			"Type": "AWS::EC2::SecurityGroupIngress",
			"Properties": {
				"IpProtocol": "tcp",
				"FromPort": 8100,
				"ToPort": 8100,
				"SourceSecurityGroupId": {
					"Fn::GetAtt": [
						"Dbsg01","GroupId"
					]
				},
        "GroupId": {
					"Fn::GetAtt": [
						"WorkflowTsg01","GroupId"
					]
				}
			}
		},
		"WorkflowTsg01Inbound02": {
			"Type": "AWS::EC2::SecurityGroupIngress",
			"Properties": {
				"IpProtocol": "tcp",
				"FromPort": {"Ref":"wftPort"},
				"ToPort": {"Ref":"wftPort"},
				"SourceSecurityGroupId": {
					"Fn::GetAtt": [
						"albWorkflowTsg01","GroupId"
					]
				},
        "GroupId": {
					"Fn::GetAtt": [
						"WorkflowTsg01","GroupId"
					]
				}
			}
		},
		"WorkflowTsg01Inbound03": {
			"Type": "AWS::EC2::SecurityGroupIngress",
			"Condition" : "devsbCondition",
			"Properties": {"IpProtocol": "-1", "FromPort": "1", "ToPort": "65535", "CidrIp": {"Fn::FindInMap": ["DevSandboxSGMap", {"Ref": "Env"}, "crossDevSandboxCidr"]}, "GroupId": {"Fn::GetAtt": ["WorkflowTsg01","GroupId"]}}
		},

		"Esmsg01": {
			"Type": "AWS::EC2::SecurityGroup",
			"Condition" : "allCondition",
			"Properties": {
				"GroupDescription": "ESM App Security Group",
				"VpcId": {
					"Ref": "VPC"
				},
				"Tags": [{
						"Key": "Name",
						"Value": {"Fn::Join": ["", ["a", {"Ref": "AccountId"},{"Fn::FindInMap": ["RegionCodeMap", {"Ref": "AWS::Region"}, "RegionCode"]}, {"Ref": "Env"},"-sg-",{ "Ref": "UniversityIslandName" },"esm","01"]]}
					}
				],
				"SecurityGroupIngress": [
					{ "IpProtocol": "tcp", "FromPort": "22", "ToPort": "22","CidrIp": { "Ref": "VPCCIDR" }},
					{ "IpProtocol": "tcp", "FromPort": "22", "ToPort": "22","CidrIp": { "Ref": "LaureateOnPremCIDR" }},
					{ "IpProtocol": "-1","FromPort": "1", "ToPort": "65535", "CidrIp": { "Ref": "LaureateOnPremCIDR"}},
					{ "IpProtocol" : "icmp", "FromPort" : "-1", "ToPort" : "-1", "CidrIp" : "10.12.16.0/23" },
					{ "IpProtocol" : "icmp", "FromPort" : "-1", "ToPort" : "-1", "CidrIp" : "10.12.52.0/24" },
					{ "IpProtocol" : "icmp", "FromPort" : "-1", "ToPort" : "-1", "CidrIp" : { "Ref": "VPCCIDR" }},
					{ "IpProtocol": "tcp", "FromPort": "8080", "ToPort": "8080","CidrIp": { "Ref": "LaureateOnPremCIDR" }}
				],
				"SecurityGroupEgress": [
					{ "IpProtocol": "-1","FromPort": "1", "ToPort": "65535", "CidrIp": { "Ref": "VPCCIDR"}},
					{ "IpProtocol": "-1","FromPort": "1", "ToPort": "65535", "CidrIp": { "Ref": "LaureateOnPremCIDR"}},
					{ "IpProtocol": "tcp", "FromPort": "22", "ToPort": "22","CidrIp": { "Ref": "VPCCIDR" }},
					{ "IpProtocol": "tcp", "FromPort": "8443", "ToPort": "8443","CidrIp": "0.0.0.0/0"},
					{ "IpProtocol": "tcp", "FromPort": "80", "ToPort": "80","CidrIp": "0.0.0.0/0"},
					{ "IpProtocol": "tcp", "FromPort": "443", "ToPort": "443","CidrIp": "0.0.0.0/0"},
					{ "IpProtocol": "tcp", "FromPort": "443", "ToPort": "443","DestinationPrefixListId": {"Fn::FindInMap": ["S3PrefixListIdMap", {"Ref": "AWS::Region"}, "PLI"]}}
				]
			}
		},
		"Esmsg01Inbound05": {
			"Type": "AWS::EC2::SecurityGroupIngress",
			"Properties": {
				"IpProtocol": "tcp",
				"FromPort": 8080,
				"ToPort": 8080,
				"SourceSecurityGroupId": {
					"Fn::GetAtt": [
						"Workflowsg01","GroupId"
					]
				},
				"GroupId": {
					"Fn::GetAtt": [
						"Esmsg01","GroupId"
					]
				}
			}
		},
		"Esmsg01Inbound06": {
			"Type": "AWS::EC2::SecurityGroupIngress",
			"Properties": {
				"IpProtocol": "tcp",
				"FromPort": 8081,
				"ToPort": 8081,
				"SourceSecurityGroupId": {
					"Fn::GetAtt": [
						"Workflowsg01","GroupId"
					]
				},
				"GroupId": {
					"Fn::GetAtt": [
						"Esmsg01","GroupId"
					]
				}
			}
		},
		"Esmsg01Inbound07": {
			"Type": "AWS::EC2::SecurityGroupIngress",
			"Properties": {
				"IpProtocol": "tcp",
				"FromPort": 8082,
				"ToPort": 8082,
				"SourceSecurityGroupId": {
					"Fn::GetAtt": [
						"Workflowsg01","GroupId"
					]
				},
				"GroupId": {
					"Fn::GetAtt": [
						"Esmsg01","GroupId"
					]
				}
			}
		},
		"Esmsg01Inbound08": {
			"Type": "AWS::EC2::SecurityGroupIngress",
			"Properties": {
				"IpProtocol": "tcp",
				"FromPort": 8100,
				"ToPort": 8100,
				"SourceSecurityGroupId": {
					"Fn::GetAtt": [
						"Workflowsg01","GroupId"
					]
				},
				"GroupId": {
					"Fn::GetAtt": [
						"Esmsg01","GroupId"
					]
				}
			}
		},
		"Esmsg01Inbound09": {
			"Type": "AWS::EC2::SecurityGroupIngress",
			"Condition" : "sbqaCondition",
			"Properties": {
				"IpProtocol": "tcp",
				"FromPort": 8080,
				"ToPort": 8080,
				"SourceSecurityGroupId": {
					"Fn::GetAtt": [
						"Bepsg01","GroupId"
					]
				},
				"GroupId": {
					"Fn::GetAtt": [
						"Esmsg01","GroupId"
					]
				}
			}
		},
		"Esmsg01Inbound10": {
			"Type": "AWS::EC2::SecurityGroupIngress",
			"Condition" : "sbqaCondition",
			"Properties": {
				"IpProtocol": "tcp",
				"FromPort": 8081,
				"ToPort": 8081,
				"SourceSecurityGroupId": {
					"Fn::GetAtt": [
						"Bepsg01","GroupId"
					]
				},
				"GroupId": {
					"Fn::GetAtt": [
						"Esmsg01","GroupId"
					]
				}
			}
		},
		"Esmsg01Inbound11": {
			"Type": "AWS::EC2::SecurityGroupIngress",
			"Condition" : "sbqaCondition",
			"Properties": {
				"IpProtocol": "tcp",
				"FromPort": 8082,
				"ToPort": 8082,
				"SourceSecurityGroupId": {
					"Fn::GetAtt": [
						"Bepsg01","GroupId"
					]
				},
				"GroupId": {
					"Fn::GetAtt": [
						"Esmsg01","GroupId"
					]
				}
			}
		},
		"Esmsg01Inbound12": {
			"Type": "AWS::EC2::SecurityGroupIngress",
			"Condition" : "sbqaCondition",
			"Properties": {
				"IpProtocol": "tcp",
				"FromPort": 8100,
				"ToPort": 8100,
				"SourceSecurityGroupId": {
					"Fn::GetAtt": [
						"Bepsg01","GroupId"
					]
				},
				"GroupId": {
					"Fn::GetAtt": [
						"Esmsg01","GroupId"
					]
				}
			}
		},
		"Esmsg01Inbound13": {
			"Type": "AWS::EC2::SecurityGroupIngress",
			"Properties": {
				"IpProtocol": "tcp",
				"FromPort": 8080,
				"ToPort": 8080,
				"SourceSecurityGroupId": {
					"Fn::GetAtt": [
						"Jobsubsg01","GroupId"
					]
				},
				"GroupId": {
					"Fn::GetAtt": [
						"Esmsg01","GroupId"
					]
				}
			}
		},
		"Esmsg01Inbound14": {
			"Type": "AWS::EC2::SecurityGroupIngress",
			"Properties": {
				"IpProtocol": "tcp",
				"FromPort": 8081,
				"ToPort": 8081,
				"SourceSecurityGroupId": {
					"Fn::GetAtt": [
						"Jobsubsg01","GroupId"
					]
				},
				"GroupId": {
					"Fn::GetAtt": [
						"Esmsg01","GroupId"
					]
				}
			}
		},
		"Esmsg01Inbound15": {
			"Type": "AWS::EC2::SecurityGroupIngress",
			"Properties": {
				"IpProtocol": "tcp",
				"FromPort": 8082,
				"ToPort": 8082,
				"SourceSecurityGroupId": {
					"Fn::GetAtt": [
						"Jobsubsg01","GroupId"
					]
				},
				"GroupId": {
					"Fn::GetAtt": [
						"Esmsg01","GroupId"
					]
				}
			}
		},
		"Esmsg01Inbound16": {
			"Type": "AWS::EC2::SecurityGroupIngress",
			"Properties": {
				"IpProtocol": "tcp",
				"FromPort": 8100,
				"ToPort": 8100,
				"SourceSecurityGroupId": {
					"Fn::GetAtt": [
						"Jobsubsg01","GroupId"
					]
				},
				"GroupId": {
					"Fn::GetAtt": [
						"Esmsg01","GroupId"
					]
				}
			}
		},
		"Esmsg01Inbound17": {
			"Type": "AWS::EC2::SecurityGroupIngress",
			"Properties": {
				"IpProtocol": "tcp",
				"FromPort": 8080,
				"ToPort": 8080,
				"SourceSecurityGroupId": {
					"Fn::GetAtt": [
						"Cleanaddrsg01","GroupId"
					]
				},
				"GroupId": {
					"Fn::GetAtt": [
						"Esmsg01","GroupId"
					]
				}
			}
		},
		"Esmsg01Inbound18": {
			"Type": "AWS::EC2::SecurityGroupIngress",
			"Properties": {
				"IpProtocol": "tcp",
				"FromPort": 8081,
				"ToPort": 8081,
				"SourceSecurityGroupId": {
					"Fn::GetAtt": [
						"Jobsubsg01","GroupId"
					]
				},
				"GroupId": {
					"Fn::GetAtt": [
						"Esmsg01","GroupId"
					]
				}
			}
		},
		"Esmsg01Inbound19": {
			"Type": "AWS::EC2::SecurityGroupIngress",
			"Properties": {
				"IpProtocol": "tcp",
				"FromPort": 8082,
				"ToPort": 8082,
				"SourceSecurityGroupId": {
					"Fn::GetAtt": [
						"Jobsubsg01","GroupId"
					]
				},
				"GroupId": {
					"Fn::GetAtt": [
						"Esmsg01","GroupId"
					]
				}
			}
		},
		"Esmsg01Inbound20": {
			"Type": "AWS::EC2::SecurityGroupIngress",
			"Properties": {
				"IpProtocol": "tcp",
				"FromPort": 8100,
				"ToPort": 8100,
				"SourceSecurityGroupId": {
					"Fn::GetAtt": [
						"Jobsubsg01","GroupId"
					]
				},
				"GroupId": {
					"Fn::GetAtt": [
						"Esmsg01","GroupId"
					]
				}
			}
		},
		"Esmsg01Inbound21": {
			"Type": "AWS::EC2::SecurityGroupIngress",
			"Properties": {
				"IpProtocol": "tcp",
				"FromPort": 8080,
				"ToPort": 8080,
				"SourceSecurityGroupId": {
					"Fn::GetAtt": [
						"Ba9sg01","GroupId"
					]
				},
				"GroupId": {
					"Fn::GetAtt": [
						"Esmsg01","GroupId"
					]
				}
			}
		},
		"Esmsg01Inbound22": {
			"Type": "AWS::EC2::SecurityGroupIngress",
			"Properties": {
				"IpProtocol": "tcp",
				"FromPort": 8081,
				"ToPort": 8081,
				"SourceSecurityGroupId": {
					"Fn::GetAtt": [
						"Jobsubsg01","GroupId"
					]
				},
				"GroupId": {
					"Fn::GetAtt": [
						"Esmsg01","GroupId"
					]
				}
			}
		},
		"Esmsg01Inbound23": {
			"Type": "AWS::EC2::SecurityGroupIngress",
			"Properties": {
				"IpProtocol": "tcp",
				"FromPort": 8082,
				"ToPort": 8082,
				"SourceSecurityGroupId": {
					"Fn::GetAtt": [
						"Jobsubsg01","GroupId"
					]
				},
				"GroupId": {
					"Fn::GetAtt": [
						"Esmsg01","GroupId"
					]
				}
			}
		},
		"Esmsg01Inbound24": {
			"Type": "AWS::EC2::SecurityGroupIngress",
			"Properties": {
				"IpProtocol": "tcp",
				"FromPort": 8100,
				"ToPort": 8100,
				"SourceSecurityGroupId": {
					"Fn::GetAtt": [
						"Jobsubsg01","GroupId"
					]
				},
				"GroupId": {
					"Fn::GetAtt": [
						"Esmsg01","GroupId"
					]
				}
			}
		},
		"Esmsg01Inbound25": {
			"Type": "AWS::EC2::SecurityGroupIngress",
			"Properties": {
				"IpProtocol": "tcp",
				"FromPort": 8080,
				"ToPort": 8080,
				"SourceSecurityGroupId": {
					"Fn::GetAtt": [
						"Ssb8sg01","GroupId"
					]
				},
				"GroupId": {
					"Fn::GetAtt": [
						"Esmsg01","GroupId"
					]
				}
			}
		},
		"Esmsg01Inbound26": {
			"Type": "AWS::EC2::SecurityGroupIngress",
			"Properties": {
				"IpProtocol": "tcp",
				"FromPort": 8081,
				"ToPort": 8081,
				"SourceSecurityGroupId": {
					"Fn::GetAtt": [
						"Jobsubsg01","GroupId"
					]
				},
				"GroupId": {
					"Fn::GetAtt": [
						"Esmsg01","GroupId"
					]
				}
			}
		},
		"Esmsg01Inbound27": {
			"Type": "AWS::EC2::SecurityGroupIngress",
			"Properties": {
				"IpProtocol": "tcp",
				"FromPort": 8082,
				"ToPort": 8082,
				"SourceSecurityGroupId": {
					"Fn::GetAtt": [
						"Jobsubsg01","GroupId"
					]
				},
				"GroupId": {
					"Fn::GetAtt": [
						"Esmsg01","GroupId"
					]
				}
			}
		},
		"Esmsg01Inbound28": {
			"Type": "AWS::EC2::SecurityGroupIngress",
			"Properties": {
				"IpProtocol": "tcp",
				"FromPort": 8100,
				"ToPort": 8100,
				"SourceSecurityGroupId": {
					"Fn::GetAtt": [
						"Jobsubsg01","GroupId"
					]
				},
				"GroupId": {
					"Fn::GetAtt": [
						"Esmsg01","GroupId"
					]
				}
			}
		},
		"Esmsg01Inbound29": {
			"Type": "AWS::EC2::SecurityGroupIngress",
			"Properties": {
				"IpProtocol": "tcp",
				"FromPort": 8080,
				"ToPort": 8080,
				"SourceSecurityGroupId": {
					"Fn::GetAtt": [
						"Ssb9sg01","GroupId"
					]
				},
				"GroupId": {
					"Fn::GetAtt": [
						"Esmsg01","GroupId"
					]
				}
			}
		},
		"Esmsg01Inbound30": {
			"Type": "AWS::EC2::SecurityGroupIngress",
			"Properties": {
				"IpProtocol": "tcp",
				"FromPort": 8081,
				"ToPort": 8081,
				"SourceSecurityGroupId": {
					"Fn::GetAtt": [
						"Jobsubsg01","GroupId"
					]
				},
				"GroupId": {
					"Fn::GetAtt": [
						"Esmsg01","GroupId"
					]
				}
			}
		},
		"Esmsg01Inbound31": {
			"Type": "AWS::EC2::SecurityGroupIngress",
			"Properties": {
				"IpProtocol": "tcp",
				"FromPort": 8082,
				"ToPort": 8082,
				"SourceSecurityGroupId": {
					"Fn::GetAtt": [
						"Jobsubsg01","GroupId"
					]
				},
				"GroupId": {
					"Fn::GetAtt": [
						"Esmsg01","GroupId"
					]
				}
			}
		},
		"Esmsg01Inbound32": {
			"Type": "AWS::EC2::SecurityGroupIngress",
			"Properties": {
				"IpProtocol": "tcp",
				"FromPort": 8100,
				"ToPort": 8100,
				"SourceSecurityGroupId": {
					"Fn::GetAtt": [
						"Jobsubsg01","GroupId"
					]
				},
				"GroupId": {
					"Fn::GetAtt": [
						"Esmsg01","GroupId"
					]
				}
			}
		},
		"Esmsg01Inbound33": {
			"Type": "AWS::EC2::SecurityGroupIngress",
			"Condition" : "devsbCondition",
			"Properties": {"IpProtocol": "-1", "FromPort": "1", "ToPort": "65535", "CidrIp": {"Fn::FindInMap": ["DevSandboxSGMap", {"Ref": "Env"}, "crossDevSandboxCidr"]}, "GroupId": {"Fn::GetAtt": ["Esmsg01","GroupId"]}}
		},

		"Odsdbsg01": {
			"Type": "AWS::EC2::SecurityGroup",
			"Condition" : "allCondition",
			"Properties": {
				"GroupDescription": "ODS DB Security Group",
				"VpcId": {
					"Ref": "VPC"
				},
				"Tags": [{
					"Key": "Name",
					"Value": {"Fn::Join": ["", ["a", {"Ref": "AccountId"},{"Fn::FindInMap": ["RegionCodeMap", {"Ref": "AWS::Region"}, "RegionCode"]}, {"Ref": "Env"},"-sg-",{ "Ref": "UniversityIslandName" },"ods","01"]]}
					}],
				"SecurityGroupIngress": [
					{ "IpProtocol": "tcp", "FromPort": "22", "ToPort": "22","CidrIp": { "Ref": "VPCCIDR" }},
					{ "IpProtocol": "-1","FromPort": "1", "ToPort": "65535", "CidrIp": { "Ref": "LaureateOnPremCIDR"}},
					{ "IpProtocol" : "icmp", "FromPort" : "-1", "ToPort" : "-1", "CidrIp" : "10.12.16.0/23" },
					{ "IpProtocol" : "icmp", "FromPort" : "-1", "ToPort" : "-1", "CidrIp" : "10.12.52.0/24" },
					{ "IpProtocol" : "icmp", "FromPort" : "-1", "ToPort" : "-1", "CidrIp" : { "Ref": "VPCCIDR" }},
					{ "IpProtocol": "tcp", "FromPort": "443", "ToPort": "443","CidrIp": {"Fn::FindInMap": ["TenableMap", {"Ref": "AWS::Region"}, "scanner1"]}},
					{ "IpProtocol": "tcp", "FromPort": "443", "ToPort": "443","CidrIp": {"Fn::FindInMap": ["TenableMap", {"Ref": "AWS::Region"}, "scanner2"]}},
					{ "IpProtocol": "tcp", "FromPort": {"Ref": "dbPort"}, "ToPort": {"Ref": "dbPort"},"CidrIp": {"Fn::FindInMap": ["KoldkissMap", {"Ref": "Env"}, "server01"]} },
					{ "IpProtocol": "tcp", "FromPort": {"Ref": "dbPort"}, "ToPort": {"Ref": "dbPort"},"CidrIp": {"Fn::FindInMap": ["KoldkissMap", {"Ref": "Env"}, "server02"]} },
					{ "IpProtocol": "tcp", "FromPort": {"Ref": "dbPort"}, "ToPort": {"Ref": "dbPort"},"CidrIp": {"Fn::FindInMap": ["KoldkissMap", {"Ref": "Env"}, "server03"]} },
					{ "IpProtocol": "tcp", "FromPort": {"Ref": "dbPort"}, "ToPort": {"Ref": "dbPort"},"CidrIp": {"Fn::FindInMap": ["KoldkissMap", {"Ref": "Env"}, "server04"]} },
					{ "IpProtocol": "tcp", "FromPort": {"Ref": "dbPort"}, "ToPort": {"Ref": "dbPort"},"CidrIp": {"Fn::FindInMap": ["KoldkissMap", {"Ref": "Env"}, "server05"]} },
					{ "IpProtocol": "tcp", "FromPort": "22", "ToPort": "22","CidrIp": { "Ref": "LaureateOnPremCIDR" }}
				],
				"SecurityGroupEgress": [
					{ "IpProtocol": "-1","FromPort": "1", "ToPort": "65535", "CidrIp": { "Ref": "VPCCIDR"}},
					{ "IpProtocol": "-1","FromPort": "1", "ToPort": "65535", "CidrIp": { "Ref": "LaureateOnPremCIDR"}},
					{ "IpProtocol": "tcp", "FromPort": "443", "ToPort": "443","CidrIp": {"Fn::FindInMap": ["TenableMap", {"Ref": "AWS::Region"}, "scanner1"]}},
					{ "IpProtocol": "tcp", "FromPort": "443", "ToPort": "443","CidrIp": {"Fn::FindInMap": ["TenableMap", {"Ref": "AWS::Region"}, "scanner2"]}},
					{ "IpProtocol": "tcp", "FromPort": "443", "ToPort": "443","DestinationPrefixListId": {"Fn::FindInMap": ["S3PrefixListIdMap", {"Ref": "AWS::Region"}, "PLI"]}}
				]
			}
		},
		"Odsdbsg01Inbound01": {
			"Type": "AWS::EC2::SecurityGroupIngress",
			"Properties": {
				"IpProtocol": "tcp",
				"FromPort": {"Ref": "dbPort"},
				"ToPort": {"Ref": "dbPort"},
				"SourceSecurityGroupId": {
					"Fn::GetAtt": [
						"Odsappsg01","GroupId"
					]
				},
        "GroupId": {
					"Fn::GetAtt": [
						"Odsdbsg01","GroupId"
					]
				}
			}
		},
		"Odsdbsg01Inbound02": {
			"Type": "AWS::EC2::SecurityGroupIngress",
			"Properties": {
				"IpProtocol": "tcp",
				"FromPort": {"Ref": "dbPort"},
				"ToPort": {"Ref": "dbPort"},
				"SourceSecurityGroupId": {
					"Fn::GetAtt": [
						"Dbsg01","GroupId"
					]
				},
				"GroupId": {
					"Fn::GetAtt": [
						"Odsdbsg01","GroupId"
					]
				}
			}
		},
		"Odsdbsg01Inbound03": {
			"Type": "AWS::EC2::SecurityGroupIngress",
			"Properties": {
				"IpProtocol": "tcp",
				"FromPort": {"Ref": "dbPort"},
				"ToPort": {"Ref": "dbPort"},
				"SourceSecurityGroupId": {
					"Fn::GetAtt": [
						"Workflowsg01","GroupId"
					]
				},
				"GroupId": {
					"Fn::GetAtt": [
						"Odsdbsg01","GroupId"
					]
				}
			}
		},
		"Odsdbsg01Inbound04": {
			"Type": "AWS::EC2::SecurityGroupIngress",
			"Condition" : "devsbCondition",
			"Properties": {"IpProtocol": "-1", "FromPort": "1", "ToPort": "65535", "CidrIp": {"Fn::FindInMap": ["DevSandboxSGMap", {"Ref": "Env"}, "crossDevSandboxCidr"]}, "GroupId": {"Fn::GetAtt": ["Odsdbsg01","GroupId"]}}
		},

		"Dbsg01": {
			"Type": "AWS::EC2::SecurityGroup",
			"Condition" : "allCondition",
			"Properties": {
				"GroupDescription": "Banner DB Security Group",
				"VpcId": {
					"Ref": "VPC"
				},
				"Tags": [{
					"Key":"Name",
					"Value": {"Fn::Join": ["", ["a", {"Ref": "AccountId"},{"Fn::FindInMap": ["RegionCodeMap", {"Ref": "AWS::Region"}, "RegionCode"]}, {"Ref": "Env"},"-sg-",{ "Ref": "UniversityIslandName" },"db","01"]]}
					}
				],
				"SecurityGroupIngress": [
					{ "IpProtocol": "tcp", "FromPort": "22", "ToPort": "22","CidrIp": { "Ref": "VPCCIDR" }},
					{ "IpProtocol": "-1","FromPort": "1", "ToPort": "65535", "CidrIp": { "Ref": "LaureateOnPremCIDR"}},
					{ "IpProtocol" : "icmp", "FromPort" : "-1", "ToPort" : "-1", "CidrIp" : "10.12.16.0/23" },
					{ "IpProtocol" : "icmp", "FromPort" : "-1", "ToPort" : "-1", "CidrIp" : "10.12.52.0/24" },
					{ "IpProtocol" : "icmp", "FromPort" : "-1", "ToPort" : "-1", "CidrIp" : { "Ref": "VPCCIDR" }},
					{ "IpProtocol": "tcp", "FromPort": "443", "ToPort": "443","CidrIp": "52.219.62.0/23" },
					{ "IpProtocol": "tcp", "FromPort": "443", "ToPort": "443","CidrIp": "52.219.64.0/22" },
					{ "IpProtocol": "tcp", "FromPort": "443", "ToPort": "443","CidrIp": "52.92.248.0/22" },
					{ "IpProtocol": "tcp", "FromPort": {"Ref": "dbPort"}, "ToPort": {"Ref": "dbPort"},"CidrIp": {"Fn::FindInMap": ["KoldkissMap", {"Ref": "Env"}, "server01"]} },
					{ "IpProtocol": "tcp", "FromPort": {"Ref": "dbPort"}, "ToPort": {"Ref": "dbPort"},"CidrIp": {"Fn::FindInMap": ["KoldkissMap", {"Ref": "Env"}, "server02"]} },
					{ "IpProtocol": "tcp", "FromPort": {"Ref": "dbPort"}, "ToPort": {"Ref": "dbPort"},"CidrIp": {"Fn::FindInMap": ["KoldkissMap", {"Ref": "Env"}, "server03"]} },
					{ "IpProtocol": "tcp", "FromPort": {"Ref": "dbPort"}, "ToPort": {"Ref": "dbPort"},"CidrIp": {"Fn::FindInMap": ["KoldkissMap", {"Ref": "Env"}, "server04"]} },
					{ "IpProtocol": "tcp", "FromPort": {"Ref": "dbPort"}, "ToPort": {"Ref": "dbPort"},"CidrIp": {"Fn::FindInMap": ["KoldkissMap", {"Ref": "Env"}, "server05"]} },
					{ "IpProtocol": "tcp", "FromPort": "22", "ToPort": "22","CidrIp": { "Ref": "LaureateOnPremCIDR" }}
				],
				"SecurityGroupEgress": [
					{ "IpProtocol": "-1","FromPort": "1", "ToPort": "65535", "CidrIp": { "Ref": "VPCCIDR"}},
					{ "IpProtocol": "-1","FromPort": "1", "ToPort": "65535", "CidrIp": { "Ref": "LaureateOnPremCIDR"}},
					{ "IpProtocol": "-1","FromPort": "1", "ToPort": "65535", "CidrIp": "0.0.0.0/0"},
					{ "IpProtocol": "tcp", "FromPort": "443", "ToPort": "443","DestinationPrefixListId": {"Fn::FindInMap": ["S3PrefixListIdMap", {"Ref": "AWS::Region"}, "PLI"]}}
				]
			}
		},
		"Dbsg01Inbound01": {
			"Type": "AWS::EC2::SecurityGroupIngress",
			"Properties": {
				"IpProtocol": "tcp",
				"FromPort": {"Ref": "dbPort"},
				"ToPort": {"Ref": "dbPort"},
				"SourceSecurityGroupId": {
					"Fn::GetAtt": [
						"Jobsubsg01","GroupId"
					]
				},
        "GroupId": {
					"Fn::GetAtt": [
						"Dbsg01","GroupId"
					]
				}
			}
		},

		"Dbsg01Inbound03": {
			"Type": "AWS::EC2::SecurityGroupIngress",
			"Properties": {
				"IpProtocol": "tcp",
				"FromPort": {"Ref": "dbPort"},
				"ToPort": {"Ref": "dbPort"},
				"SourceSecurityGroupId": {
					"Fn::GetAtt": [
						"Workflowsg01","GroupId"
					]
				},
				"GroupId": {
					"Fn::GetAtt": [
						"Dbsg01","GroupId"
					]
				}
			}
		},
		"Dbsg01Inbound04": {
			"Type": "AWS::EC2::SecurityGroupIngress",
			"Properties": {
				"IpProtocol": "tcp",
				"FromPort": {"Ref": "dbPort"},
				"ToPort": {"Ref": "dbPort"},
				"SourceSecurityGroupId": {
					"Fn::GetAtt": [
						"Ssb8sg01","GroupId"
					]
				},
        "GroupId": {
					"Fn::GetAtt": [
						"Dbsg01","GroupId"
					]
				}
			}
		},
		"Dbsg01Inbound05": {
			"Type": "AWS::EC2::SecurityGroupIngress",
			"Properties": {
				"IpProtocol": "tcp",
				"FromPort": {"Ref": "dbPort"},
				"ToPort": {"Ref": "dbPort"},
				"SourceSecurityGroupId": {
					"Fn::GetAtt": [
						"Ssb9sg01","GroupId"
					]
				},
				"GroupId": {
					"Fn::GetAtt": [
						"Dbsg01","GroupId"
					]
				}
			}
		},
		"Dbsg01Inbound06": {
			"Type": "AWS::EC2::SecurityGroupIngress",
			"Properties": {
				"IpProtocol": "tcp",
				"FromPort": {"Ref": "dbPort"},
				"ToPort": {"Ref": "dbPort"},
				"SourceSecurityGroupId": {
					"Fn::GetAtt": [
						"Cleanaddrsg01","GroupId"
					]
				},
				"GroupId": {
					"Fn::GetAtt": [
						"Dbsg01","GroupId"
					]
				}
			}
		},
		"Dbsg01Inbound07": {
			"Type": "AWS::EC2::SecurityGroupIngress",
			"Properties": {
				"IpProtocol": "tcp",
				"FromPort": {"Ref": "dbPort"},
				"ToPort": {"Ref": "dbPort"},
				"SourceSecurityGroupId": {
					"Fn::GetAtt": [
						"Odsappsg01","GroupId"
					]
				},
        "GroupId": {
					"Fn::GetAtt": [
						"Dbsg01","GroupId"
					]
				}
			}
		},
		"Dbsg01Inbound08": {
			"Type": "AWS::EC2::SecurityGroupIngress",
			"Properties": {
				"IpProtocol": "tcp",
				"FromPort": {"Ref": "dbPort"},
				"ToPort": {"Ref": "dbPort"},
				"SourceSecurityGroupId": {
					"Fn::GetAtt": [
						"Esmsg01","GroupId"
					]
				},
				"GroupId": {
					"Fn::GetAtt": [
						"Dbsg01","GroupId"
					]
				}
			}
		},
		"Dbsg01Inbound09": {
			"Type": "AWS::EC2::SecurityGroupIngress",
			"Properties": {
				"IpProtocol": "tcp",
				"FromPort": {"Ref": "dbPort"},
				"ToPort": {"Ref": "dbPort"},
				"SourceSecurityGroupId": {
					"Fn::GetAtt": [
						"Eissg01","GroupId"
					]
				},
				"GroupId": {
					"Fn::GetAtt": [
						"Dbsg01","GroupId"
					]
				}
			}
		},
		"Dbsg01Inbound10": {
			"Type": "AWS::EC2::SecurityGroupIngress",
			"Properties": {
				"IpProtocol": "tcp",
				"FromPort": {"Ref": "dbPort"},
				"ToPort": {"Ref": "dbPort"},
				"SourceSecurityGroupId": {
					"Fn::GetAtt": [
						"Beissg01","GroupId"
					]
				},
        "GroupId": {
					"Fn::GetAtt": [
						"Dbsg01","GroupId"
					]
				}
			}
		},
		"Dbsg01Inbound11": {
			"Type": "AWS::EC2::SecurityGroupIngress",
			"Condition" : "sbqaCondition",
			"Properties": {
				"IpProtocol": "tcp",
				"FromPort": {"Ref": "dbPort"},
				"ToPort": {"Ref": "dbPort"},
				"SourceSecurityGroupId": {
					"Fn::GetAtt": [
						"Bepsg01","GroupId"
					]
				},
				"GroupId": {
					"Fn::GetAtt": [
						"Dbsg01","GroupId"
					]
				}
			}
		},
		"Dbsg01Inbound12": {
			"Type": "AWS::EC2::SecurityGroupIngress",
			"Properties": {
				"IpProtocol": "tcp",
				"FromPort": "25",
				"ToPort": "25",
			  "CidrIp" : {"Fn::FindInMap": ["SMTPAddressdMap", {"Ref": "AWS::Region"}, "smtpip"]},
				"GroupId": {
					"Fn::GetAtt": [
						"Dbsg01","GroupId"
					]
				}
			}
		},
		"Dbsg01Inbound13": {
			"Type": "AWS::EC2::SecurityGroupIngress",
			"Condition" : "devsbCondition",
			"Properties": {"IpProtocol": "-1", "FromPort": "1", "ToPort": "65535", "CidrIp": {"Fn::FindInMap": ["DevSandboxSGMap", {"Ref": "Env"}, "crossDevSandboxCidr"]}, "GroupId": {"Fn::GetAtt": ["Dbsg01","GroupId"]}}
		},
		"albBepsg01": {
			"Type": "AWS::EC2::SecurityGroup",
			"Condition" : "sbqaCondition",
			"Properties": {
				"GroupDescription": "BEP ALB Security Group",
				"VpcId": {
					"Ref": "VPC"
				},
				"Tags": [{
					"Key": "Name",
					"Value": {"Fn::Join": ["", ["a", {"Ref": "AccountId"},{"Fn::FindInMap": ["RegionCodeMap", {"Ref": "AWS::Region"}, "RegionCode"]}, {"Ref": "Env"},"-sg-",{ "Ref": "UniversityIslandName" },"alb-","bep","01"]]}
					}],
				"SecurityGroupIngress": [
					{ "IpProtocol": "tcp","FromPort": "443", "ToPort": "443", "CidrIp": "0.0.0.0/0"}
				],
				"SecurityGroupEgress": [
					{ "IpProtocol": "tcp", "FromPort": {"Fn::FindInMap": ["PortsMap", {"Ref": "Env"}, "bep"]}, "ToPort": {"Fn::FindInMap": ["PortsMap", {"Ref": "Env"}, "bep"]},"SourceSecurityGroupId": {"Ref": "Bepsg01"}}
				]
			}
		},
		"albSsbsg01": {
			"Type": "AWS::EC2::SecurityGroup",
			"Condition" : "allCondition",
			"Properties": {
				"GroupDescription": "SSB ALB Security Group",
				"VpcId": {
					"Ref": "VPC"
				},
				"Tags": [{
					"Key": "Name",
					"Value": {"Fn::Join": ["", ["a", {"Ref": "AccountId"},{"Fn::FindInMap": ["RegionCodeMap", {"Ref": "AWS::Region"}, "RegionCode"]}, {"Ref": "Env"},"-sg-",{ "Ref": "UniversityIslandName" },"alb-","ssb","01"]]}
					}],
				"SecurityGroupIngress": [
					{ "IpProtocol": "tcp", "FromPort": "443", "ToPort": "443","CidrIp": {"Ref": "LaureateOnPremCIDR"}},
					{ "IpProtocol": "tcp","FromPort": "443", "ToPort": "443", "CidrIp": "0.0.0.0/0"}
				],
				"SecurityGroupEgress": [
					{ "IpProtocol": "tcp", "FromPort": {"Ref": "ssbPort"}, "ToPort": {"Ref": "ssbPort"},"SourceSecurityGroupId": {"Ref": "Ssb8sg01"}}
				]
			}
		},
		"albWorkflowsg01": {
			"Type": "AWS::EC2::SecurityGroup",
			"Properties": {
				"GroupDescription": "Workflow ALB Security Group",
				"VpcId": {
					"Ref": "VPC"
				},
				"Tags": [{
					"Key": "Name",
					"Value": {"Fn::Join": ["", ["a", {"Ref": "AccountId"},{"Fn::FindInMap": ["RegionCodeMap", {"Ref": "AWS::Region"}, "RegionCode"]}, {"Ref": "Env"},"-sg-",{ "Ref": "UniversityIslandName" },"alb-","wfw","01"]]}
					}],
				"SecurityGroupIngress": [
					{ "IpProtocol": "tcp", "FromPort": "443", "ToPort": "443","CidrIp": {"Ref": "LaureateOnPremCIDR"}},
					{ "IpProtocol": "-1","FromPort": "1", "ToPort": "65535", "CidrIp": "0.0.0.0/0"}
				],
				"SecurityGroupEgress": [
					{ "IpProtocol": "-1","FromPort": "1", "ToPort": "65535", "CidrIp": "0.0.0.0/0"}
				]
			}
		},
		"albWorkflowTsg01": {
			"Type": "AWS::EC2::SecurityGroup",
			"Condition" : "allCondition",
			"Properties": {
				"GroupDescription": "Workflow Tomcat ALB Security Group",
				"VpcId": {
					"Ref": "VPC"
				},
				"Tags": [{
					"Key": "Name",
					"Value": {"Fn::Join": ["", ["a", {"Ref": "AccountId"},{"Fn::FindInMap": ["RegionCodeMap", {"Ref": "AWS::Region"}, "RegionCode"]}, {"Ref": "Env"},"-sg-",{ "Ref": "UniversityIslandName" },"alb-","wfwt","01"]]}
					}],
				"SecurityGroupIngress": [
					{ "IpProtocol": "tcp", "FromPort": "443", "ToPort": "443","CidrIp": {"Ref": "LaureateOnPremCIDR"}}
				],
				"SecurityGroupEgress": [
					{ "IpProtocol": "tcp", "FromPort": {"Ref": "wftPort"}, "ToPort": {"Ref": "wftPort"},"SourceSecurityGroupId": {"Ref": "WorkflowTsg01"}}
				]
			}
		},
		"albBeissg01": {
			"Type": "AWS::EC2::SecurityGroup",
			"Condition" : "allCondition",
			"Properties": {
				"GroupDescription": "BEIS ALB Security Group",
				"VpcId": {
					"Ref": "VPC"
				},
				"Tags": [{
					"Key": "Name",
					"Value": {"Fn::Join": ["", ["a", {"Ref": "AccountId"},{"Fn::FindInMap": ["RegionCodeMap", {"Ref": "AWS::Region"}, "RegionCode"]}, {"Ref": "Env"},"-sg-",{ "Ref": "UniversityIslandName" },"alb-","beis","01"]]}
					}],
				"SecurityGroupIngress": [
					{ "IpProtocol": "tcp", "FromPort": "443", "ToPort": "443","CidrIp": {"Ref": "LaureateOnPremCIDR"}},
					{ "IpProtocol": "tcp","FromPort": "443", "ToPort": "443", "CidrIp": "0.0.0.0/0"}
				],
				"SecurityGroupEgress": [
					{ "IpProtocol": "tcp", "FromPort": {"Ref": "beisPort"}, "ToPort": {"Ref": "beisPort"},"SourceSecurityGroupId": {"Ref": "Beissg01"}}
				]
			}
		},
		"albEissg01": {
			"Type": "AWS::EC2::SecurityGroup",
			"Condition" : "allCondition",
			"Properties": {
				"GroupDescription": "EIS ALB Security Group",
				"VpcId": {
					"Ref": "VPC"
				},
				"Tags": [{
					"Key": "Name",
					"Value": {"Fn::Join": ["", ["a", {"Ref": "AccountId"},{"Fn::FindInMap": ["RegionCodeMap", {"Ref": "AWS::Region"}, "RegionCode"]}, {"Ref": "Env"},"-sg-",{ "Ref": "UniversityIslandName" },"alb-","eis","01"]]}
					}],
				"SecurityGroupIngress": [
					{ "IpProtocol": "tcp", "FromPort": "443", "ToPort": "443","CidrIp": {"Ref": "LaureateOnPremCIDR"}},
					{ "IpProtocol": "tcp","FromPort": "443", "ToPort": "443", "CidrIp": "0.0.0.0/0"}
				],
				"SecurityGroupEgress": [
					{ "IpProtocol": "tcp", "FromPort": {"Ref": "eisPort"}, "ToPort": {"Ref": "eisPort"},"SourceSecurityGroupId": {"Ref": "Eissg01"}}
				]
			}
		},
		"albBa9sg01": {
			"Type": "AWS::EC2::SecurityGroup",
			"Condition" : "allCondition",
			"Properties": {
				"GroupDescription": "Banner Admin 9 ALB Security Group",
				"VpcId": {
					"Ref": "VPC"
				},
				"Tags": [{
					"Key": "Name",
					"Value": {"Fn::Join": ["", ["a", {"Ref": "AccountId"},{"Fn::FindInMap": ["RegionCodeMap", {"Ref": "AWS::Region"}, "RegionCode"]}, {"Ref": "Env"},"-sg-",{ "Ref": "UniversityIslandName" },"alb-","ba9","01"]]}
					}],
				"SecurityGroupIngress": [
					{ "IpProtocol": "tcp", "FromPort": "443", "ToPort": "443","CidrIp": {"Ref": "LaureateOnPremCIDR"}},
					{ "IpProtocol": "tcp","FromPort": "443", "ToPort": "443", "CidrIp": "0.0.0.0/0"}
				],
				"SecurityGroupEgress": [
					{ "IpProtocol": "tcp", "FromPort": {"Ref": "b9adminPort"}, "ToPort": {"Ref": "b9adminPort"},"SourceSecurityGroupId": {"Ref": "Ba9sg01"}},
					{ "IpProtocol": "tcp", "FromPort": {"Ref": "appnavPort"}, "ToPort": {"Ref": "appnavPort"},"SourceSecurityGroupId": {"Ref": "Ba9sg01"}},
					{ "IpProtocol": "tcp", "FromPort": "8443", "ToPort": "8443","SourceSecurityGroupId": {"Ref": "Ba9sg01"}}
				]
			}
		},
		"albEmssg01": {
			"Type": "AWS::EC2::SecurityGroup",
			"Condition" : "allCondition",
			"Properties": {
				"GroupDescription": "EMS ALB Security Group",
				"VpcId": {
					"Ref": "VPC"
				},
				"Tags": [{
					"Key": "Name",
					"Value": {"Fn::Join": ["", ["a", {"Ref": "AccountId"},{"Fn::FindInMap": ["RegionCodeMap", {"Ref": "AWS::Region"}, "RegionCode"]}, {"Ref": "Env"},"-sg-",{ "Ref": "UniversityIslandName" },"alb-","ems","01"]]}
					}],
				"SecurityGroupIngress": [
					{ "IpProtocol": "tcp","FromPort": "443", "ToPort": "443", "CidrIp": "0.0.0.0/0"}
				],
				"SecurityGroupEgress": [
					{ "IpProtocol": "tcp", "FromPort": {"Fn::FindInMap": ["PortsMap", {"Ref": "Env"}, "emsRabbitmq"]}, "ToPort": {"Fn::FindInMap": ["PortsMap", {"Ref": "Env"}, "emsRabbitmq"]},"SourceSecurityGroupId": {"Ref": "Emssg01"}}
				]
			}
		},
		"albDwcsg01": {
			"Type": "AWS::EC2::SecurityGroup",
			"Condition": "sbCondition",
			"Properties": {
				"GroupDescription": "DegreeWorks Classic ALB Security Group",
				"VpcId": {"Ref": "VPC"},
				"Tags": [{
					"Key": "Name",
					"Value": {"Fn::Join": ["", ["a", {"Ref": "AccountId"},{"Fn::FindInMap": ["RegionCodeMap", {"Ref": "AWS::Region"}, "RegionCode"]}, {"Ref": "Env"},"-sg-",{ "Ref": "UniversityIslandName" },"alb-","dwc","01"]]}
					}],
				"SecurityGroupIngress": [
					{ "IpProtocol": "tcp", "FromPort": "443", "ToPort": "443","CidrIp": {"Ref": "LaureateOnPremCIDR"}}
				],
				"SecurityGroupEgress": [
					{ "IpProtocol": "tcp", "FromPort": {"Fn::FindInMap": ["PortsMap", {"Ref": "Env"}, "dwWeb"]}, "ToPort": {"Fn::FindInMap": ["PortsMap", {"Ref": "Env"}, "dwWeb"]},"SourceSecurityGroupId": {"Ref": "Dwcsg01"}}
				]
			}
		},
		"albDwasg01": {
			"Type": "AWS::EC2::SecurityGroup",
			"Condition": "sbCondition",
			"Properties": {
				"GroupDescription": "DegreeWorks Application ALB Security Group",
				"VpcId": {
					"Ref": "VPC"
				},
				"Tags": [{
					"Key": "Name",
					"Value": {"Fn::Join": ["", ["a", {"Ref": "AccountId"},{"Fn::FindInMap": ["RegionCodeMap", {"Ref": "AWS::Region"}, "RegionCode"]}, {"Ref": "Env"},"-sg-",{ "Ref": "UniversityIslandName" },"alb-","dwa","01"]]}
					}],
				"SecurityGroupIngress": [
					{ "IpProtocol": "tcp", "FromPort": "443", "ToPort": "443","CidrIp": {"Ref": "LaureateOnPremCIDR"}}
				],
				"SecurityGroupEgress": [
					{ "IpProtocol": "tcp", "FromPort": {"Fn::FindInMap": ["PortsMap", {"Ref": "Env"}, "dwDashboard"]}, "ToPort": {"Fn::FindInMap": ["PortsMap", {"Ref": "Env"}, "dwDashboard"]},"SourceSecurityGroupId": {"Ref": "Dwasg01"}}
				]
			}
		},
		"albDwasg02": {
			"Type": "AWS::EC2::SecurityGroup",
			"Condition": "sbCondition",
			"Properties": {
				"GroupDescription": "DegreeWorks Application Admin ALB Security Group",
				"VpcId": {
					"Ref": "VPC"
				},
				"Tags": [{
					"Key": "Name",
					"Value": {"Fn::Join": ["", ["a", {"Ref": "AccountId"},{"Fn::FindInMap": ["RegionCodeMap", {"Ref": "AWS::Region"}, "RegionCode"]}, {"Ref": "Env"},"-sg-",{ "Ref": "UniversityIslandName" },"alb-","dwa","01"]]}
					}],
				"SecurityGroupIngress": [
					{ "IpProtocol": "tcp", "FromPort": "443", "ToPort": "443","CidrIp": {"Ref": "LaureateOnPremCIDR"}}
				],
				"SecurityGroupEgress": [
					{ "IpProtocol": "tcp", "FromPort": {"Fn::FindInMap": ["PortsMap", {"Ref": "Env"}, "dwDashboard"]}, "ToPort": {"Fn::FindInMap": ["PortsMap", {"Ref": "Env"}, "dwDashboard"]},"SourceSecurityGroupId": {"Ref": "Dwasg01"}}
				]
			}
		}
	},
	"Outputs": {
		"SSB8SG": {
			"Value": { "Fn::GetAtt": [ "Ssb8sg01", "GroupId" ] },
			"Export": {
				"Name": {
					"Fn::Sub": "${AWS::StackName}-SSB8SG"
				}
			}
	 },
	 "Odsappsg": {
		 "Value": { "Fn::GetAtt": [ "Odsappsg01", "GroupId" ] },
		 "Export": {
			 "Name": {
				 "Fn::Sub": "${AWS::StackName}-Odsappsg"
			 }
		 },
    "OdsappssgIBrule1": {
			"Value": { "Fn::GetAtt": [ "Odsappsg01Inbound01", "GroupId" ] },
			"Export": {
				"Name": {
					"Fn::Sub": "${AWS::StackName}-OdsappsIBrule1"
				}
			},
     "Cleanaddrsg": {
			 "Value": { "Fn::GetAtt": [ "Cleanaddrsg01", "GroupId" ] },
			 "Export": {
				 "Name": {
					 "Fn::Sub": "${AWS::StackName}-Cleanaddrsg"
				 }
		 }
	 },
    "CleanaddrsgIBrule1": {
			"Value": { "Fn::GetAtt": [ "Cleanaddrsg01Inbound01", "GroupId" ] },
			"Export": {
				"Name": {
					"Fn::Sub": "${AWS::StackName}-Cleanaddrsg"
				}
		  }
		},
		"Emssg": {
			"Value": { "Fn::GetAtt": [ "Emssg01", "GroupId" ] },
			"Export": {
				"Name": {
					"Fn::Sub": "${AWS::StackName}-Emssg"
				}
			}
		},
   "EmssgIBrule1":{
		 "Value": { "Fn::GetAtt": [ "Emssg01Inbound01", "GroupId" ] },
		 "Export": {
			 "Name": {
				 "Fn::Sub": "${AWS::StackName}-EmssgIBrule1"
			 }
		 }
	 },
	 "EmssgIBrule2":{
		 "Value": { "Fn::GetAtt": [ "Emssg01Inbound02", "GroupId" ] },
		 "Export": {
			 "Name": {
				 "Fn::Sub": "${AWS::StackName}-EmssgIBrule2"
			 }
		 }
	 },
	 "Oemsg": {
		"Value": { "Fn::GetAtt": [ "Oemsg01", "GroupId" ] },
		"Export": {
			"Name": {
				"Fn::Sub": "${AWS::StackName}-Oemsg"
			}
		}
	 },
	 "Oemdbsg": {
	 "Value": { "Fn::GetAtt": [ "Oemdbsg01", "GroupId" ] },
 	 "Export": {
 		 "Name": {
 			 "Fn::Sub": "${AWS::StackName}-Oemdbsg"
 		 }
 	 }
 },
 "OemdbsgIBrule1": {
	"Value": { "Fn::GetAtt": [ "Oemdbsg01Inbound01", "GroupId" ] },
 	"Export": {
 		"Name": {
 			"Fn::Sub": "${AWS::StackName}-OemdbsgIBrule1"
 		}
 	}
 },
 "Bepsg": {
 "Value": { "Fn::GetAtt": [ "Bepsg01", "GroupId" ] },
 "Export": {
	 "Name": {
		 "Fn::Sub": "${AWS::StackName}-Bepsg"
	 }
 }
},
"BepsgIBrule1": {
"Value": { "Fn::GetAtt": [ "Bepsg01Inbound01", "GroupId" ] },
"Export": {
	"Name": {
		"Fn::Sub": "${AWS::StackName}-BepsgIBrule1"
	}
}
},
"BepsgIBrule2": {
"Value": { "Fn::GetAtt": [ "Bepsg01Inbound02", "GroupId" ] },
"Export": {
	"Name": {
		"Fn::Sub": "${AWS::StackName}-BepsgIBrule2"
	}
}
},
"Dwcsg": {
"Value": { "Fn::GetAtt": [ "Dwcsg01", "GroupId" ] },
"Export": {
	"Name": {
		"Fn::Sub": "${AWS::StackName}-Dwcsg"
	}
}
},
"DwcsgIBrule1": {
"Value": { "Fn::GetAtt": [ "Dwcsg01Inbound01", "GroupId" ] },
"Export": {
 "Name": {
	 "Fn::Sub": "${AWS::StackName}-DwcsgIBrule1"
 }
}
},
"DwcsgIBrule2": {
"Value": { "Fn::GetAtt": [ "Dwcsg01Inbound01", "GroupId" ] },
"Export": {
 "Name": {
	 "Fn::Sub": "${AWS::StackName}-DwcsgIBrule2"
 }
}
},
"Dwasg": {
"Value": { "Fn::GetAtt": [ "Dwasg01", "GroupId" ] },
"Export": {
	"Name": {
		"Fn::Sub": "${AWS::StackName}-Dwasg"
	}
}
},
"DwasgIBrule1": {
"Value": { "Fn::GetAtt": [ "Dwasg01Inbound01", "GroupId" ] },
"Export": {
 "Name": {
	 "Fn::Sub": "${AWS::StackName}-DwasgIBrule1"
 }
}
},
"DwasgIBrule2": {
"Value": { "Fn::GetAtt": [ "Dwasg01Inbound02", "GroupId" ] },
"Export": {
 "Name": {
	 "Fn::Sub": "${AWS::StackName}-DwasgIBrule2"
    }
   }
 },
"Ba9sg": {
"Value": { "Fn::GetAtt": [ "Ba9sg01", "GroupId" ] },
"Export": {
	"Name": {
		"Fn::Sub": "${AWS::StackName}-Ba9sg"
}
},
"Ba9sgIBrule1": {
"Value": { "Fn::GetAtt": [ "Ba9sg01Inbound01", "GroupId" ] },
"Export": {
 "Name": {
	 "Fn::Sub": "${AWS::StackName}-Ba9sgIBrule1"
 }
}
},
"Ba9sgIBrule1": {
"Value": { "Fn::GetAtt": [ "Ba9sg01Inbound02", "GroupId" ] },
"Export": {
 "Name": {
	 "Fn::Sub": "${AWS::StackName}-Ba9sgIBrule2"
    }
   }
 },
 "Beissg": {
 "Value": { "Fn::GetAtt": [ "Beissg01", "GroupId" ] },
 "Export": {
 	"Name": {
 		"Fn::Sub": "${AWS::StackName}-Beissg"
 }
 },
 "BeissgIBrule1": {
 "Value": { "Fn::GetAtt": [ "Beissg01Inbound01", "GroupId" ] },
 "Export": {
  "Name": {
 	 "Fn::Sub": "${AWS::StackName}-Ba9sgIBrule1"
  }
 }
 },
 "BeissgIBrule2": {
 "Value": { "Fn::GetAtt": [ "Beissg01Inbound02", "GroupId" ] },
 "Export": {
  "Name": {
 	 "Fn::Sub": "${AWS::StackName}-Ba9sgIBrule2"
     }
    }
  },
"Ssb8sg01": {
"Value": { "Fn::GetAtt": [ "Ssb8sg", "GroupId" ] },
"Export": {
 "Name": {
	 "Fn::Sub": "${AWS::StackName}-Beissg"
}
},
"Ssb8sgIBrule1": {
"Value": { "Fn::GetAtt": [ "Ssb8sg01Inbound01", "GroupId" ] },
"Export": {
 "Name": {
	"Fn::Sub": "${AWS::StackName}-Ssb8sgIBrule1"
 }
}
},
"Ssb8sgIBrule2": {
"Value": { "Fn::GetAtt": [ "Ssb8sg01Inbound02", "GroupId" ] },
"Export": {
 "Name": {
	"Fn::Sub": "${AWS::StackName}-Ssb8sgIBrule2"
		}
	 }
 },
 "Jobsubsg": {
 "Value": { "Fn::GetAtt": [ "Jobsubsg01", "GroupId" ] },
 "Export": {
  "Name": {
 	"Fn::Sub": "${AWS::StackName}-Jobsubsg"
 		}
 	 }
  },
	"Workflowsg": {
	"Value": { "Fn::GetAtt": [ "Workflowsg01", "GroupId" ] },
	"Export": {
	 "Name": {
	 "Fn::Sub": "${AWS::StackName}-Workflowsg"
		 }
		}
	 },
	 "WorkflowsgIBrule1": {
	 "Value": { "Fn::GetAtt": [ "Workflowsg01Inbound01", "GroupId" ] },
	 "Export": {
	  "Name": {
	 	"Fn::Sub": "${AWS::StackName}-WorkflowsgIBrule1"
	  }
	 }
	 },
	 "WorkflowsgIBrule2": {
	 "Value": { "Fn::GetAtt": [ "Workflowsg01Inbound02", "GroupId" ] },
	 "Export": {
	  "Name": {
	 	"Fn::Sub": "${AWS::StackName}-WorkflowsgIBrule2"
	 		}
	 	 }
	  },
    "WorkflowTsg": {
			"Value": { "Fn::GetAtt": [ "WorkflowTsg01", "GroupId" ] },
	 	 "Export": {
	 	  "Name": {
	 	 	"Fn::Sub": "${AWS::StackName}-WorkflowTsg"
	 	 		}
	 	 	 }
		},
		"WorkflowTsgIBrule1": {
			"Value": { "Fn::GetAtt": [ "WorkflowTsg01Inbound01", "GroupId" ] },
	 	 "Export": {
	 	  "Name": {
	 	 	"Fn::Sub": "${AWS::StackName}-WorkflowTsgIBrule1"
	 	 		}
	 	 	 }
		},
		"WorkflowTsgIBrule2": {
			"Value": { "Fn::GetAtt": [ "WorkflowTsg01Inbound02", "GroupId" ] },
	 	 "Export": {
	 	  "Name": {
	 	 	"Fn::Sub": "${AWS::StackName}-WorkflowTsgIBrule2"
	 	 		}
	 	 	 }
		},
		"WorkflowTsgIBrule3": {
			"Value": { "Fn::GetAtt": [ "WorkflowTsg01Inbound03", "GroupId" ] },
	 	 "Export": {
	 	  "Name": {
	 	 	"Fn::Sub": "${AWS::StackName}-WorkflowTsgIBrule3"
	 	 		}
	 	 	 }
		},
   "Esmsg": {
		"Value": { "Fn::GetAtt": [ "Esmsg01", "GroupId" ] },
		"Export": {
		 "Name": {
		 "Fn::Sub": "${AWS::StackName}-Esmsg"
			 }
			}
	 },
	 "EsmsgIBrule1": {
		"Value": { "Fn::GetAtt": [ "Esmsg01Inbound01", "GroupId" ] },
		"Export": {
		 "Name": {
		 "Fn::Sub": "${AWS::StackName}-EsmsgIBrule1"
			 }
			}
	 },
	 "EsmsgIBrule2": {
		"Value": { "Fn::GetAtt": [ "Esmsg01Inbound02", "GroupId" ] },
		"Export": {
		 "Name": {
		 "Fn::Sub": "${AWS::StackName}-EsmsgIBrule1"
			 }
			}
	 },
	 "EsmsgIBrule3": {
		"Value": { "Fn::GetAtt": [ "Esmsg01Inbound03", "GroupId" ] },
		"Export": {
		 "Name": {
		 "Fn::Sub": "${AWS::StackName}-EsmsgIBrule3"
			 }
			}
	 },
	 "EsmsgIBrule4": {
		"Value": { "Fn::GetAtt": [ "Esmsg01Inbound04", "GroupId" ] },
		"Export": {
		 "Name": {
		 "Fn::Sub": "${AWS::StackName}-EsmsgIBrule4"
			 }
			}
	 },
	 "EsmsgIBrule5": {
		"Value": { "Fn::GetAtt": [ "Esmsg01Inbound05", "GroupId" ] },
		"Export": {
		 "Name": {
		 "Fn::Sub": "${AWS::StackName}-EsmsgIBrule5"
			 }
			}
	 },
	 "EsmsgIBrule6": {
		"Value": { "Fn::GetAtt": [ "Esmsg01Inbound06", "GroupId" ] },
		"Export": {
		 "Name": {
		 "Fn::Sub": "${AWS::StackName}-EsmsgIBrule6"
			 }
			}
	 },
	 "EsmsgIBrule7": {
		"Value": { "Fn::GetAtt": [ "Esmsg01Inbound07", "GroupId" ] },
		"Export": {
		 "Name": {
		 "Fn::Sub": "${AWS::StackName}-EsmsgIBrule7"
			 }
			}
	 },
	 "EsmsgIBrule8": {
		"Value": { "Fn::GetAtt": [ "Esmsg01Inbound08", "GroupId" ] },
		"Export": {
		 "Name": {
		 "Fn::Sub": "${AWS::StackName}-EsmsgIBrule8"
			 }
			}
	 },
	 "EsmsgIBrule9": {
		"Value": { "Fn::GetAtt": [ "Esmsg01Inbound09", "GroupId" ] },
		"Export": {
		 "Name": {
		 "Fn::Sub": "${AWS::StackName}-EsmsgIBrule9"
			 }
			}
	 },
	 "EsmsgIBrule10": {
		"Value": { "Fn::GetAtt": [ "Esmsg01Inbound10", "GroupId" ] },
		"Export": {
		 "Name": {
		 "Fn::Sub": "${AWS::StackName}-EsmsgIBrule10"
			 }
			}
	 },
	 "EsmsgIBrule11": {
		"Value": { "Fn::GetAtt": [ "Esmsg01Inbound11", "GroupId" ] },
		"Export": {
		 "Name": {
		 "Fn::Sub": "${AWS::StackName}-EsmsgIBrule11"
			 }
			}
	 },
	 "EsmsgIBrule12": {
		"Value": { "Fn::GetAtt": [ "Esmsg01Inbound12", "GroupId" ] },
		"Export": {
		 "Name": {
		 "Fn::Sub": "${AWS::StackName}-EsmsgIBrule12"
			 }
			}
	 },
	 "EsmsgIBrule13": {
		"Value": { "Fn::GetAtt": [ "Esmsg01Inbound13", "GroupId" ] },
		"Export": {
		 "Name": {
		 "Fn::Sub": "${AWS::StackName}-EsmsgIBrule13"
			 }
			}
	 },
	 "EsmsgIBrule14": {
		"Value": { "Fn::GetAtt": [ "Esmsg01Inbound14", "GroupId" ] },
		"Export": {
		 "Name": {
		 "Fn::Sub": "${AWS::StackName}-EsmsgIBrule14"
			 }
			}
	 },
	 "EsmsgIBrule15": {
		"Value": { "Fn::GetAtt": [ "Esmsg01Inbound15", "GroupId" ] },
		"Export": {
		 "Name": {
		 "Fn::Sub": "${AWS::StackName}-EsmsgIBrule15"
			 }
			}
	 },
	 "EsmsgIBrule16": {
		"Value": { "Fn::GetAtt": [ "Esmsg01Inbound16", "GroupId" ] },
		"Export": {
		 "Name": {
		 "Fn::Sub": "${AWS::StackName}-EsmsgIBrule16"
			 }
			}
	 },
	 "EsmsgIBrule17": {
		"Value": { "Fn::GetAtt": [ "Esmsg01Inbound17", "GroupId" ] },
		"Export": {
		 "Name": {
		 "Fn::Sub": "${AWS::StackName}-EsmsgIBrule17"
			 }
			}
	 },
	 "EsmsgIBrule18": {
		"Value": { "Fn::GetAtt": [ "Esmsg01Inbound18", "GroupId" ] },
		"Export": {
		 "Name": {
		 "Fn::Sub": "${AWS::StackName}-EsmsgIBrule18"
			 }
			}
	 },
	 "EsmsgIBrule19": {
		"Value": { "Fn::GetAtt": [ "Esmsg01Inbound19", "GroupId" ] },
		"Export": {
		 "Name": {
		 "Fn::Sub": "${AWS::StackName}-EsmsgIBrule19"
			 }
			}
	 },
	 "EsmsgIBrule20": {
		"Value": { "Fn::GetAtt": [ "Esmsg01Inbound20", "GroupId" ] },
		"Export": {
		 "Name": {
		 "Fn::Sub": "${AWS::StackName}-EsmsgIBrule20"
			 }
			}
	 },
	 "EsmsgIBrule21": {
		"Value": { "Fn::GetAtt": [ "Esmsg01Inbound21", "GroupId" ] },
		"Export": {
		 "Name": {
		 "Fn::Sub": "${AWS::StackName}-EsmsgIBrule21"
			 }
			}
	 },
	 "EsmsgIBrule22": {
		"Value": { "Fn::GetAtt": [ "Esmsg01Inbound22", "GroupId" ] },
		"Export": {
		 "Name": {
		 "Fn::Sub": "${AWS::StackName}-EsmsgIBrule22"
			 }
			}
	 },
	 "EsmsgIBrule23": {
		"Value": { "Fn::GetAtt": [ "Esmsg01Inbound23", "GroupId" ] },
		"Export": {
		 "Name": {
		 "Fn::Sub": "${AWS::StackName}-EsmsgIBrule23"
			 }
			}
	 },
	 "EsmsgIBrule24": {
		"Value": { "Fn::GetAtt": [ "Esmsg01Inbound24", "GroupId" ] },
		"Export": {
		 "Name": {
		 "Fn::Sub": "${AWS::StackName}-EsmsgIBrule24"
			 }
			}
	 },
	 "EsmsgIBrule25": {
		"Value": { "Fn::GetAtt": [ "Esmsg01Inbound25", "GroupId" ] },
		"Export": {
		 "Name": {
		 "Fn::Sub": "${AWS::StackName}-EsmsgIBrule25"
			 }
			}
	 },
	 "EsmsgIBrule26": {
		"Value": { "Fn::GetAtt": [ "Esmsg01Inbound26", "GroupId" ] },
		"Export": {
		 "Name": {
		 "Fn::Sub": "${AWS::StackName}-EsmsgIBrule26"
			 }
			}
	 },
	 "EsmsgIBrule27": {
		"Value": { "Fn::GetAtt": [ "Esmsg01Inbound27", "GroupId" ] },
		"Export": {
		 "Name": {
		 "Fn::Sub": "${AWS::StackName}-EsmsgIBrule27"
			 }
			}
	 },
	 "EsmsgIBrule28": {
		"Value": { "Fn::GetAtt": [ "Esmsg01Inbound28", "GroupId" ] },
		"Export": {
		 "Name": {
		 "Fn::Sub": "${AWS::StackName}-EsmsgIBrule28"
			 }
			}
	 },
	 "EsmsgIBrule29": {
		"Value": { "Fn::GetAtt": [ "Esmsg01Inbound29", "GroupId" ] },
		"Export": {
		 "Name": {
		 "Fn::Sub": "${AWS::StackName}-EsmsgIBrule29"
			 }
			}
	 },
	 "EsmsgIBrule30": {
		"Value": { "Fn::GetAtt": [ "Esmsg01Inbound30", "GroupId" ] },
		"Export": {
		 "Name": {
		 "Fn::Sub": "${AWS::StackName}-EsmsgIBrule30"
			 }
			}
	 },
	 "EsmsgIBrule31": {
		"Value": { "Fn::GetAtt": [ "Esmsg01Inbound31", "GroupId" ] },
		"Export": {
		 "Name": {
		 "Fn::Sub": "${AWS::StackName}-EsmsgIBrule31"
			 }
			}
	 },
	 "EsmsgIBrule32": {
		"Value": { "Fn::GetAtt": [ "Esmsg01Inbound32", "GroupId" ] },
		"Export": {
		 "Name": {
		 "Fn::Sub": "${AWS::StackName}-EsmsgIBrule32"
			 }
			}
	 },
	 "EsmsgIBrule33": {
		"Value": { "Fn::GetAtt": [ "Esmsg01Inbound33", "GroupId" ] },
		"Export": {
		 "Name": {
		 "Fn::Sub": "${AWS::StackName}-EsmsgIBrule33"
			 }
			}
	 },
	 "Odsdbsg": {
 	 "Value": { "Fn::GetAtt": [ "Odsdbsg01", "GroupId" ] },
 	 "Export": {
 		"Name": {
 		"Fn::Sub": "${AWS::StackName}-Odsdbsg"
 			}
 		 }
 	},
	"OdsdbsgIBrule1": {
	"Value": { "Fn::GetAtt": [ "Odsdbsg01Inbound01", "GroupId" ] },
	"Export": {
	 "Name": {
	 "Fn::Sub": "${AWS::StackName}-OdsdbsgIBrule1"
		 }
		}
 },
 "OdsdbsgIBrule2": {
 "Value": { "Fn::GetAtt": [ "Odsdbsg01Inbound02", "GroupId" ] },
 "Export": {
	"Name": {
	"Fn::Sub": "${AWS::StackName}-OdsdbsgIBrule2"
		}
	 }
},
"OdsdbsgIBrule3": {
"Value": { "Fn::GetAtt": [ "Odsdbsg01Inbound03", "GroupId" ] },
"Export": {
 "Name": {
 "Fn::Sub": "${AWS::StackName}-OdsdbsgIBrule3"
	 }
	}
},
"OdsdbsgIBrule4": {
"Value": { "Fn::GetAtt": [ "Odsdbsg01Inbound04", "GroupId" ] },
"Export": {
  "Name": {
 "Fn::Sub": "${AWS::StackName}-OdsdbsgIBrule4"
	 }
	}
},
"Dbsg": {
"Value": { "Fn::GetAtt": [ "Dbsg01", "GroupId" ] },
"Export": {
 "Name": {
 "Fn::Sub": "${AWS::StackName}-Dbsg"
	 }
	}
},
"DbsgIBrule1": {
"Value": { "Fn::GetAtt": [ "Dbsg01Inbound01", "GroupId" ] },
 "Export": {
 "Name": {
"Fn::Sub": "${AWS::StackName}-DbsgIBrule1"
	}
 }
},
"DbsgIBrule2": {
"Value": { "Fn::GetAtt": [ "Dbsg01Inbound02", "GroupId" ] },
 "Export": {
  "Name": {
"Fn::Sub": "${AWS::StackName}-DbsgIBrule2"
 }
}
},
"DbsgIBrule3": {
"Value": { "Fn::GetAtt": [ "Odsdbsg01Inbound03", "GroupId" ] },
  "Export": {
  "Name": {
  "Fn::Sub": "${AWS::StackName}-DbsgIBrule3"
   }
 }
},
"DbsgIBrule4": {
"Value": { "Fn::GetAtt": [ "Odsdbsg01Inbound04", "GroupId" ] },
  "Export": {
  "Name": {
   "Fn::Sub": "${AWS::StackName}-DbsgIBrule4"
  }
 }
},
"DbsgIBrule5": {
 "Value": { "Fn::GetAtt": [ "Odsdbsg01Inbound05", "GroupId" ] },
 "Export": {
	"Name": {
	"Fn::Sub": "${AWS::StackName}-DbsgIBrule5"
		}
	 }
 },
 "DbsgIBrule6": {
 "Value": { "Fn::GetAtt": [ "Odsdbsg01Inbound06", "GroupId" ] },
   "Export": {
   "Name": {
    "Fn::Sub": "${AWS::StackName}-DbsgIBrule6"
   }
  }
 },
 "DbsgIBrule7": {
  "Value": { "Fn::GetAtt": [ "Odsdbsg01Inbound07", "GroupId" ] },
  "Export": {
 	"Name": {
 	"Fn::Sub": "${AWS::StackName}-DbsgIBrule7"
 		}
 	 }
  },
	"DbsgIBrule8": {
	"Value": { "Fn::GetAtt": [ "Odsdbsg01Inbound08", "GroupId" ] },
	  "Export": {
	  "Name": {
	   "Fn::Sub": "${AWS::StackName}-DbsgIBrule8"
	  }
	 }
	},
	"DbsgIBrule9": {
	 "Value": { "Fn::GetAtt": [ "Odsdbsg01Inbound09", "GroupId" ] },
	 "Export": {
		"Name": {
		"Fn::Sub": "${AWS::StackName}-DbsgIBrule9"
			}
		 }
	 },
	 "DbsgIBrule10": {
	 "Value": { "Fn::GetAtt": [ "Odsdbsg01Inbound10", "GroupId" ] },
	   "Export": {
	   "Name": {
	    "Fn::Sub": "${AWS::StackName}-DbsgIBrule10"
	   }
	  }
	 },
	 "DbsgIBrule11": {
	  "Value": { "Fn::GetAtt": [ "Odsdbsg01Inbound11", "GroupId" ] },
	  "Export": {
	 	"Name": {
	 	"Fn::Sub": "${AWS::StackName}-DbsgIBrule11"
	 		}
	 	 }
	  },
		"DbsgIBrule12": {
		"Value": { "Fn::GetAtt": [ "Odsdbsg01Inbound12", "GroupId" ] },
		  "Export": {
		  "Name": {
		   "Fn::Sub": "${AWS::StackName}-DbsgIBrule12"
		  }
		 }
		},
		"DbsgIBrule13": {
		 "Value": { "Fn::GetAtt": [ "Odsdbsg01Inbound13", "GroupId" ] },
		 "Export": {
			"Name": {
			"Fn::Sub": "${AWS::StackName}-DbsgIBrule13"
				}
			 }
		 },
		 "albBepsg": {
			 "Value": { "Fn::GetAtt": [ "albBepsg01", "GroupId" ] },
			 "Export": {
				"Name": {
				"Fn::Sub": "${AWS::StackName}-albBepsg"
					}
				 }
		 },
		 "albSsbsg01": {
			 "Value": { "Fn::GetAtt": [ "albSsbsg01", "GroupId" ] },
			 "Export": {
				"Name": {
				"Fn::Sub": "${AWS::StackName}-albSsbsg"
					}
				 }
		 },
		 "albWorkflowsg": {
			 "Value": { "Fn::GetAtt": [ "albWorkflowsg01", "GroupId" ] },
			 "Export": {
				"Name": {
				"Fn::Sub": "${AWS::StackName}-albWorkflowsg"
					}
				 }
		 },
		 -----------------
		 "albWorkflowTsg": {
			 "Value": { "Fn::GetAtt": [ "albWorkflowTsg01", "GroupId" ] },
			 "Export": {
				"Name": {
				"Fn::Sub": "${AWS::StackName}-albWorkflowTsg"
					}
				 }
		 },
		 "albBeissg": {
			 "Value": { "Fn::GetAtt": [ "albBeissg01", "GroupId" ] },
			 "Export": {
				"Name": {
				"Fn::Sub": "${AWS::StackName}-albBeissg"
					}
				 }
		 },
		 "albBa9sg": {
			 "Value": { "Fn::GetAtt": [ "albBa9sg01", "GroupId" ] },
			 "Export": {
				"Name": {
				"Fn::Sub": "${AWS::StackName}-albBa9sg01"
					}
				 }
		 },
		 "albEmssg":{
			 "Value": { "Fn::GetAtt": [ "albEmssg01", "GroupId" ] },
			 "Export": {
				"Name": {
				"Fn::Sub": "${AWS::StackName}-albEmssg"
					}
				 }
		 },
		 "albDwcsg":{
			 "Value": { "Fn::GetAtt": [ "albDwcsg01", "GroupId" ] },
			 "Export": {
				"Name": {
				"Fn::Sub": "${AWS::StackName}-albDwcsg"
					}
				 }
		 },
		 "albDwasg1":{
			 "Value": { "Fn::GetAtt": [ "albDwasg01", "GroupId" ] },
			 "Export": {
				"Name": {
				"Fn::Sub": "${AWS::StackName}-albDwasg1"
					}
				 }
		 },
		 "albDwasg2":{
			 "Value": { "Fn::GetAtt": [ "albDwasg02", "GroupId" ] },
			 "Export": {
				"Name": {
				"Fn::Sub": "${AWS::StackName}-albDwasg2"
					}
				 }
		 },
  }
}
