{
	"AWSTemplateFormatVersion": "2010-09-09",
	"Description": "ProdZone-AWS|Autoscaling|walden-ProdZone-v3.2-AUTOSCALING",
	"Metadata": {
		"AWS::CloudFormation::Interface": {
			"ParameterGroups": [{
					"Label": {
						"default": "CloudProvider, University, AccountId, Environment details"
					},
					"Parameters": [
						"CloudProvider",
						"UniversityIslandName",
						"AccountId",
						"Env"
					]
				},
				{
					"Label": {
						"default": "Key Pair Configuration"
					},
					"Parameters": [
						"KeyPairName"
					]
				},

				{
					"Label": {
						"default": "AMI ID Informations"
					},
					"Parameters": [
						"inbAMI",
						"b9adminAMI",
						"ssb8AMI",
						"eisAMI",
						"wfwAMI",
						"beisAMI"
					]
				},
				{
					"Label": {
						"default": "Select EC2 Type"
					},
					"Parameters": [
						"Ssb8EC2Type",
						"EisEC2Type",
						"WorkflowEC2Type",
						"Banner9AdminEC2Type",
						"BeisEC2Type",
						"InbEC2Type"
					]
				}
			],
			"ParameterLabels": {
				"KeyPairName": {
					"default": "Key pair name"
				},

				"ssbPort": {
					"default": "SSB Port no."
				},
				"eisPort": {
					"default": "EIS Port no."
				},
				"inbPort": {
					"default": "INB Port no."
				},
				"beisPort": {
					"default": "SSO manager port no."
				},
				"wfPort": {
					"default": "Workflow port no."
				},
				"appnavPort": {
					"default": "App Nav port no."
				},
				"b9adminPort": {
					"default": "Banner9 Admin port no."
				},
				"extensibilityPort": {
					"default": "Extensibility Port no."
				},

				"Ssb8EC2Type": {
					"default": "SSB 8.x"
				},
				"Banner9AdminEC2Type": {
					"default": "Banner9Admin"
				},
				"EisEC2Type": {
					"default": "EIS"
				},
				"WorkflowEC2Type": {
					"default": "Workflow"
				},
				"BeisEC2Type": {
					"default": "BEIS"
				},
				"InbEC2Type": {
					"default": "INB"
				},
				"inbAMI": {
					"default": "INB AMI id"
				},
				"ssb8AMI": {
					"default": "SSB8 AMI id"
				},
				"eisAMI": {
					"default": "EIS AMI id"
				},
				"wfwAMI": {
					"default": "Workflow AMI id"
				},
				"beisAMI": {
					"default": "BEIS AMI id"
				},
				"b9adminAMI": {
					"default": "Banner9Admin AMI id"
				}
			}
		}
	},
	"Parameters": {
		"CloudProvider": {
			"Description": "Infrastructure Platform Code",
			"Type": "String",
			"Default": "a"
		},
		"AccountId": {
			"Description": "AccountId Code",
			"Type": "Number",
			"Default": "13"
		},
		"Env": {
			"AllowedValues": [
					"d",
					"q",
					"t",
					"s",
					"p",
					"n",
					"none"
			],
			"Description": "Env (d=Dev,q=QA,t=Test,s=Stage,p=Prod,n=Non-Prod,sb=Sandbox",
			"Type": "String"
		},
		"UniversityIslandName": {
			"Description": "University/Island Code",
			"Type": "String",
			"Default": "w"
		},
		"KeyPairName": {
			"Description": "EC2 Key Pair Name",
			"Type": "String"
		},
		"AZ1": {
			"Description": "AZ1",
			"Type": "String"
		},
		"AZ2": {
			"Description": "AZ2",
			"Type": "String"
		},
		"PvtSubnetAppAZ1": {
			"Description": "Pvt. App subnet id - AZ1",
			"Type": "String"
		},
		"PvtSubnetAppAZ2": {
			"Description": "Pvt. App subnet id - AZ2",
			"Type": "String"
		},
		"Ssb8EC2Type": {
			"Type": "String",
			"Default": "m4.large",
			"AllowedValues": ["t2.micro", "t2.small", "t2.medium", "t2.large", "m1.small", "m1.medium", "m1.large", "m1.xlarge", "m2.xlarge", "m2.2xlarge", "m2.4xlarge", "m3.medium", "m3.large", "m3.xlarge", "m3.2xlarge", "m4.large", "m4.xlarge", "m4.2xlarge", "m4.4xlarge", "m4.10xlarge", "c1.medium", "c1.xlarge", "c3.large", "c3.xlarge", "c3.2xlarge", "c3.4xlarge", "c3.8xlarge", "c4.large", "c4.xlarge", "c4.2xlarge", "c4.4xlarge", "c4.8xlarge", "g2.2xlarge", "g2.8xlarge", "r3.large", "r3.xlarge", "r3.2xlarge", "r3.4xlarge", "r3.8xlarge", "i2.xlarge", "i2.2xlarge", "i2.4xlarge", "i2.8xlarge", "d2.xlarge", "d2.2xlarge", "d2.4xlarge", "d2.8xlarge", "hi1.4xlarge", "hs1.8xlarge", "cr1.8xlarge", "cc2.8xlarge", "cg1.4xlarge"],
			"ConstraintDescription": "SSB8 instance type"
		},
		"Banner9AdminEC2Type": {
			"Type": "String",
			"Default": "m4.xlarge",
			"AllowedValues": ["t2.micro", "t2.small", "t2.medium", "t2.large", "m1.small", "m1.medium", "m1.large", "m1.xlarge", "m2.xlarge", "m2.2xlarge", "m2.4xlarge", "m3.medium", "m3.large", "m3.xlarge", "m3.2xlarge", "m4.large", "m4.xlarge", "m4.2xlarge", "m4.4xlarge", "m4.10xlarge", "c1.medium", "c1.xlarge", "c3.large", "c3.xlarge", "c3.2xlarge", "c3.4xlarge", "c3.8xlarge", "c4.large", "c4.xlarge", "c4.2xlarge", "c4.4xlarge", "c4.8xlarge", "g2.2xlarge", "g2.8xlarge", "r3.large", "r3.xlarge", "r3.2xlarge", "r3.4xlarge", "r3.8xlarge", "i2.xlarge", "i2.2xlarge", "i2.4xlarge", "i2.8xlarge", "d2.xlarge", "d2.2xlarge", "d2.4xlarge", "d2.8xlarge", "hi1.4xlarge", "hs1.8xlarge", "cr1.8xlarge", "cc2.8xlarge", "cg1.4xlarge"],
			"ConstraintDescription": "Banner9 Admin instance type"
		},
		"EisEC2Type": {
			"Type": "String",
			"Default": "m4.large",
			"AllowedValues": ["t2.micro", "t2.small", "t2.medium", "t2.large", "m1.small", "m1.medium", "m1.large", "m1.xlarge", "m2.xlarge", "m2.2xlarge", "m2.4xlarge", "m3.medium", "m3.large", "m3.xlarge", "m3.2xlarge", "m4.large", "m4.xlarge", "m4.2xlarge", "m4.4xlarge", "m4.10xlarge", "c1.medium", "c1.xlarge", "c3.large", "c3.xlarge", "c3.2xlarge", "c3.4xlarge", "c3.8xlarge", "c4.large", "c4.xlarge", "c4.2xlarge", "c4.4xlarge", "c4.8xlarge", "g2.2xlarge", "g2.8xlarge", "r3.large", "r3.xlarge", "r3.2xlarge", "r3.4xlarge", "r3.8xlarge", "i2.xlarge", "i2.2xlarge", "i2.4xlarge", "i2.8xlarge", "d2.xlarge", "d2.2xlarge", "d2.4xlarge", "d2.8xlarge", "hi1.4xlarge", "hs1.8xlarge", "cr1.8xlarge", "cc2.8xlarge", "cg1.4xlarge"],
			"ConstraintDescription": "EIS instance type"
		},
		"WorkflowEC2Type": {
			"Type": "String",
			"Default": "m4.large",
			"AllowedValues": ["t2.micro", "t2.small", "t2.medium", "t2.large", "m1.small", "m1.medium", "m1.large", "m1.xlarge", "m2.xlarge", "m2.2xlarge", "m2.4xlarge", "m3.medium", "m3.large", "m3.xlarge", "m3.2xlarge", "m4.large", "m4.xlarge", "m4.2xlarge", "m4.4xlarge", "m4.10xlarge", "c1.medium", "c1.xlarge", "c3.large", "c3.xlarge", "c3.2xlarge", "c3.4xlarge", "c3.8xlarge", "c4.large", "c4.xlarge", "c4.2xlarge", "c4.4xlarge", "c4.8xlarge", "g2.2xlarge", "g2.8xlarge", "r3.large", "r3.xlarge", "r3.2xlarge", "r3.4xlarge", "r3.8xlarge", "i2.xlarge", "i2.2xlarge", "i2.4xlarge", "i2.8xlarge", "d2.xlarge", "d2.2xlarge", "d2.4xlarge", "d2.8xlarge", "hi1.4xlarge", "hs1.8xlarge", "cr1.8xlarge", "cc2.8xlarge", "cg1.4xlarge"],
			"ConstraintDescription": "Workflow instance type"
		},
		"BeisEC2Type": {
			"Type": "String",
			"Default": "m4.large",
			"AllowedValues": ["t2.micro", "t2.small", "t2.medium", "t2.large", "m1.small", "m1.medium", "m1.large", "m1.xlarge", "m2.xlarge", "m2.2xlarge", "m2.4xlarge", "m3.medium", "m3.large", "m3.xlarge", "m3.2xlarge", "m4.large", "m4.xlarge", "m4.2xlarge", "m4.4xlarge", "m4.10xlarge", "c1.medium", "c1.xlarge", "c3.large", "c3.xlarge", "c3.2xlarge", "c3.4xlarge", "c3.8xlarge", "c4.large", "c4.xlarge", "c4.2xlarge", "c4.4xlarge", "c4.8xlarge", "g2.2xlarge", "g2.8xlarge", "r3.large", "r3.xlarge", "r3.2xlarge", "r3.4xlarge", "r3.8xlarge", "i2.xlarge", "i2.2xlarge", "i2.4xlarge", "i2.8xlarge", "d2.xlarge", "d2.2xlarge", "d2.4xlarge", "d2.8xlarge", "hi1.4xlarge", "hs1.8xlarge", "cr1.8xlarge", "cc2.8xlarge", "cg1.4xlarge"],
			"ConstraintDescription": "BEIS instance type"
		},
		"InbEC2Type": {
			"Type": "String",
			"Default": "m4.large",
			"AllowedValues": ["t2.micro", "t2.small", "t2.medium", "t2.large", "m1.small", "m1.medium", "m1.large", "m1.xlarge", "m2.xlarge", "m2.2xlarge", "m2.4xlarge", "m3.medium", "m3.large", "m3.xlarge", "m3.2xlarge", "m4.large", "m4.xlarge", "m4.2xlarge", "m4.4xlarge", "m4.10xlarge", "c1.medium", "c1.xlarge", "c3.large", "c3.xlarge", "c3.2xlarge", "c3.4xlarge", "c3.8xlarge", "c4.large", "c4.xlarge", "c4.2xlarge", "c4.4xlarge", "c4.8xlarge", "g2.2xlarge", "g2.8xlarge", "r3.large", "r3.xlarge", "r3.2xlarge", "r3.4xlarge", "r3.8xlarge", "i2.xlarge", "i2.2xlarge", "i2.4xlarge", "i2.8xlarge", "d2.xlarge", "d2.2xlarge", "d2.4xlarge", "d2.8xlarge", "hi1.4xlarge", "hs1.8xlarge", "cr1.8xlarge", "cc2.8xlarge", "cg1.4xlarge"],
			"ConstraintDescription": "INB instance type"
		},

		"Workflowsg01": {
			"Description": "Workflow Security Group",
			"Type": "String"
		},
		"WORKFLOWTG01": {
			"Description": "Workflow Target Group",
			"Type": "String"
		},

		"inbAMI": {
			"Description": "INB AMI id",
			"Type": "String"
		},
		"ssb8AMI": {
			"Description": "SSB8 AMI id",
			"Type": "String"
		},
		"eisAMI": {
			"Description": "EIS AMI id",
			"Type": "String"
		},
		"wfwAMI": {
			"Description": "Workflow AMI id",
			"Type": "String"
		},
		"beisAMI": {
			"Description": "BEIS AMI id",
			"Type": "String"
		},
		"b9adminAMI": {
			"Description": "Banner9Admin AMI id",
			"Type": "String"
		}
	},
	"Mappings": {
		"RegionCodeMap": {
			"us-east-1": {
				"RegionCode": "ue"
			},
			"us-west-2": {
				"RegionCode": "uw"
			}
		},
		"S3PrefixListIdMap": {
			"us-east-1": {
				"PLI": "pl-63a5400a"
			}
		}
	},
	"Conditions": {
		"devCondition": {
			"Fn::Equals": [{
				"Ref": "Env"
			}, "d"]
		},
		"sbCondition": {
			"Fn::Equals": [{
				"Ref": "Env"
			}, "sb"]
		},
		"qaCondition": {
			"Fn::Equals": [{
				"Ref": "Env"
			}, "q"]
		},
		"nonprodCondition": {
			"Fn::Equals": [{
				"Ref": "Env"
			}, "n"]
		},
		"dummyCondition": {
			"Fn::Equals": [{
					"Ref": "Env"
				},
				"dummy"
			]
		},
		"prodCondition": {
			"Fn::Equals": [{
				"Ref": "Env"
			}, "p"]
		},
		"prodzoneCondition": { "Fn::Or": [
			{"Condition": "qaCondition"},
			{"Condition": "nonprodCondition"},
			{"Condition": "prodCondition"}
			]
		},
		"nonprodzoneCondition": { "Fn::Or": [
			{"Condition": "devCondition"},
			{"Condition": "sbCondition"}
			]
		},
		"allCondition": { "Fn::Or": [
			{"Condition": "qaCondition"},
			{"Condition": "nonprodCondition"},
			{"Condition": "prodCondition"},
			{"Condition": "devCondition"},
			{"Condition": "sbCondition"}
			]
		}
	},
	"Resources": {
		"WORKFLOWLAUNCHCONFIG": {
			"Type" : "AWS::AutoScaling::LaunchConfiguration",
			"Properties": {
				"ImageId" : {"Ref": "wfwAMI"},
				"KeyName" : { "Ref" : "KeyPairName" },
				"SecurityGroups" : [ { "Ref" : "Workflowsg01" } ],
				"InstanceType" : {"Ref": "WorkflowEC2Type"}
			}
		},
		"WORKFLOWASG" : {
			"Type" : "AWS::AutoScaling::AutoScalingGroup",
			"Properties" : {
				"AvailabilityZones" : [{"Ref": "AZ1"},{"Ref": "AZ2"}],
				"LaunchConfigurationName" : { "Ref" : "WORKFLOWLAUNCHCONFIG" },
				"MinSize" : "1",
				"MaxSize" : "2",
				"TargetGroupARNs" : [ { "Ref" : "WORKFLOWTG01" } ],
				"VPCZoneIdentifier": [
					{"Ref": "PvtSubnetAppAZ1"},
					{"Ref": "PvtSubnetAppAZ2"}
				],
				"TerminationPolicies": ["NewestInstance"]
			}
		},
		"WORKFLOWSCALEUPPOLICY" : {
			"Type" : "AWS::AutoScaling::ScalingPolicy",
			"Properties" : {
				"AdjustmentType" : "ChangeInCapacity",
				"AutoScalingGroupName" : { "Ref" : "WORKFLOWASG" },
				"Cooldown" : "60",
				"ScalingAdjustment" : "1"
			}
		},
		"WORKFLOWSCALEDOWNPOLICY" : {
			"Type" : "AWS::AutoScaling::ScalingPolicy",
			"Properties" : {
				"AdjustmentType" : "ChangeInCapacity",
				"AutoScalingGroupName" : { "Ref" : "WORKFLOWASG" },
				"Cooldown" : "60",
				"ScalingAdjustment" : "-1"
			}
		},
		"WORKFLOWALARMCPUHIGH": {
			"Type": "AWS::CloudWatch::Alarm",
			"Properties": {
				"EvaluationPeriods": "2",
				"Statistic": "Average",
				"Threshold": "80",
				"AlarmDescription": "Cloudwatch Alarm High CPU",
				"Period": "60",
				"AlarmActions": [ { "Ref": "WORKFLOWSCALEUPPOLICY" } ],
				"Namespace": "AWS/EC2",
				"Dimensions": [
					{
						"Name": "AutoScalingGroupName",
						"Value": { "Ref": "WORKFLOWASG" }
					}
				],
				"ComparisonOperator": "GreaterThanThreshold",
				"MetricName": "CPUUtilization"
			}
		}

	},
	"Outputs": {}
}
